formula,reduced_formula,crystal_system,spacegroup_number,Type,Mean_TC_K,clean_Ms_emu_g,clean_Hc_A_m,clean_K1_J_m3,clean_BH_max_kJ_m3,source
Fe16N2,Fe16N2,Tetragonal,139,FM,810.0,220.0,650000.0,1800000.0,120.0,NovoMag / Ames Lab
Fe15CoN2,Fe15CoN2,Tetragonal,139,FM,830.0,215.0,720000.0,1950000.0,135.0,NovoMag / Ames Lab
Fe14Co2N2,Fe14Co2N2,Tetragonal,139,FM,850.0,210.0,810000.0,2100000.0,150.0,NovoMag / Ames Lab
Fe13Co3N2,Fe13Co3N2,Tetragonal,139,FM,865.0,208.0,760000.0,1880000.0,142.0,NovoMag / Ames Lab
Fe12Co4N2,Fe12Co4N2,Tetragonal,139,FM,880.0,205.0,680000.0,1650000.0,130.0,NovoMag / Ames Lab
Fe10Co6N2,Fe10Co6N2,Tetragonal,139,FM,900.0,200.0,550000.0,1350000.0,115.0,NovoMag / Ames Lab
Fe8Co8N2,Fe8Co8N2,Tetragonal,139,FM,920.0,195.0,420000.0,1100000.0,95.0,NovoMag / Ames Lab
Fe6Co10N2,Fe6Co10N2,Tetragonal,139,FM,940.0,190.0,360000.0,920000.0,80.0,NovoMag / Ames Lab
Fe4Co12N2,Fe4Co12N2,Tetragonal,139,FM,955.0,185.0,310000.0,780000.0,68.0,NovoMag / Ames Lab
Co16N2,Co16N2,Tetragonal,139,FM,980.0,175.0,250000.0,620000.0,52.0,NovoMag / Ames Lab
Co4N,Co4N,Cubic,221,FM,740.0,160.0,180000.0,450000.0,38.0,NovoMag / Ames Lab
Co3N,Co3N,Hexagonal,182,FM,660.0,135.0,320000.0,850000.0,62.0,NovoMag / Ames Lab
Fe3N,Fe3N,Hexagonal,182,FM,575.0,142.0,150000.0,390000.0,32.0,NovoMag / Ames Lab
Fe4N,Fe4N,Cubic,221,FM,767.0,192.0,45000.0,29000.0,12.0,NovoMag / Ames Lab
Fe3Co3Ti2,Fe3Co3Ti2,Trigonal,160,FM,870.0,105.0,450000.0,950000.0,75.0,NovoMag / Ames Lab
Fe3Co3Nb2,Fe3Co3Nb2,Trigonal,160,FM,840.0,98.0,520000.0,1150000.0,85.0,NovoMag / Ames Lab
Fe3Co3Ta2,Fe3Co3Ta2,Trigonal,160,FM,860.0,92.0,610000.0,1400000.0,96.0,NovoMag / Ames Lab
Fe3Co3Mo2,Fe3Co3Mo2,Trigonal,160,FM,820.0,88.0,380000.0,800000.0,58.0,NovoMag / Ames Lab
Fe3Co3V2,Fe3Co3V2,Trigonal,160,FM,850.0,102.0,410000.0,880000.0,68.0,NovoMag / Ames Lab
Fe4Co2Ti2,Fe4Co2Ti2,Trigonal,160,FM,830.0,112.0,390000.0,820000.0,65.0,NovoMag / Ames Lab
Fe2Co4Ti2,Fe2Co4Ti2,Trigonal,160,FM,895.0,99.0,480000.0,1050000.0,82.0,NovoMag / Ames Lab
Fe4Co2Nb2,Fe4Co2Nb2,Trigonal,160,FM,815.0,104.0,460000.0,980000.0,76.0,NovoMag / Ames Lab
Fe2Co4Nb2,Fe2Co4Nb2,Trigonal,160,FM,870.0,93.0,560000.0,1220000.0,92.0,NovoMag / Ames Lab
MnBi,MnBi,Hexagonal,194,FM,630.0,82.0,1200000.0,1630000.0,95.0,NovoMag / Ames Lab
Mn0.9Bi1.0,Mn9Bi10,Hexagonal,194,FM,625.0,78.0,1350000.0,1750000.0,102.0,NovoMag / Ames Lab
MnBi0.9Sb0.1,Mn10Bi9Sb,Hexagonal,194,FM,610.0,80.0,1150000.0,1550000.0,88.0,NovoMag / Ames Lab
MnAl,MnAl,Tetragonal,123,FM,650.0,96.0,480000.0,1500000.0,58.0,NovoMag / Ames Lab
Mn0.55Al0.45,Mn11Al9,Tetragonal,123,FM,655.0,98.0,510000.0,1580000.0,62.0,NovoMag / Ames Lab
Mn0.95Al0.95C0.1,Mn19Al19C2,Tetragonal,123,FM,670.0,92.0,550000.0,1700000.0,68.0,NovoMag / Ames Lab
MnGa,MnGa,Tetragonal,123,FM,640.0,75.0,850000.0,1800000.0,72.0,NovoMag / Ames Lab
Mn1.2Ga0.8,Mn3Ga2,Tetragonal,123,FM,660.0,70.0,920000.0,1950000.0,78.0,NovoMag / Ames Lab
Mn1.5Ga,Mn3Ga2,Tetragonal,139,FM,690.0,58.0,1250000.0,2200000.0,82.0,NovoMag / Ames Lab
Mn2Ga,Mn2Ga,Tetragonal,139,FM,710.0,48.0,1450000.0,2350000.0,75.0,NovoMag / Ames Lab
Mn3Ge,Mn3Ge,Hexagonal,194,FM,710.0,42.0,1100000.0,1900000.0,64.0,NovoMag / Ames Lab
Mn3Sn,Mn3Sn,Hexagonal,194,AFM,420.0,3.5,250000.0,850000.0,2.0,NovoMag / Ames Lab
FePt,FePt,Tetragonal,123,FM,750.0,85.0,2800000.0,6600000.0,280.0,NovoMag / Ames Lab
Fe0.95Pt1.05,Fe19Pt21,Tetragonal,123,FM,740.0,82.0,2950000.0,6800000.0,290.0,NovoMag / Ames Lab
Fe0.90Pt1.10,Fe9Pt11,Tetragonal,123,FM,730.0,79.0,3100000.0,7000000.0,295.0,NovoMag / Ames Lab
FePt0.9Rh0.1,Fe10Pt9Rh,Tetragonal,123,FM,760.0,80.0,2600000.0,6200000.0,260.0,NovoMag / Ames Lab
CoPt,CoPt,Tetragonal,123,FM,840.0,68.0,2200000.0,4900000.0,210.0,NovoMag / Ames Lab
Co0.95Pt1.05,Co19Pt21,Tetragonal,123,FM,830.0,65.0,2350000.0,5100000.0,218.0,NovoMag / Ames Lab
FePd,FePd,Tetragonal,123,FM,760.0,95.0,600000.0,1800000.0,90.0,NovoMag / Ames Lab
Fe0.95Pd1.05,Fe19Pd21,Tetragonal,123,FM,750.0,91.0,640000.0,1920000.0,95.0,NovoMag / Ames Lab
Co5Zr,Co5Zr,Hexagonal,191,FM,760.0,92.0,450000.0,1400000.0,72.0,NovoMag / Ames Lab
Co4.8Fe0.2Zr,Co24FeZr5,Hexagonal,191,FM,775.0,96.0,430000.0,1350000.0,75.0,NovoMag / Ames Lab
Co4.5Fe0.5Zr,Co9FeZr2,Hexagonal,191,FM,790.0,102.0,390000.0,1250000.0,78.0,NovoMag / Ames Lab
Co11Zr2,Co11Zr2,Orthorhombic,63,FM,780.0,98.0,380000.0,1200000.0,68.0,NovoMag / Ames Lab
Co10FeZr2,Co10FeZr2,Orthorhombic,63,FM,805.0,104.0,360000.0,1150000.0,71.0,NovoMag / Ames Lab
Co7Hf,Co7Hf,Hexagonal,191,FM,740.0,88.0,500000.0,1500000.0,76.0,NovoMag / Ames Lab
Co6FeHf,Co6FeHf,Hexagonal,191,FM,765.0,94.0,470000.0,1420000.0,80.0,NovoMag / Ames Lab
Fe3C,Fe3C,Orthorhombic,62,FM,485.0,140.0,85000.0,380000.0,22.0,NovoMag / Ames Lab
Fe2CoC,Fe2CoC,Orthorhombic,62,FM,550.0,145.0,145000.0,650000.0,36.0,NovoMag / Ames Lab
FeCo2C,FeCo2C,Orthorhombic,62,FM,620.0,138.0,175000.0,780000.0,44.0,NovoMag / Ames Lab
Fe2B,Fe2B,Tetragonal,140,FM,1015.0,162.0,95000.0,420000.0,28.0,NovoMag / Ames Lab
Fe3B,Fe3B,Tetragonal,82,FM,790.0,175.0,72000.0,320000.0,24.0,NovoMag / Ames Lab
Fe1.5Co0.5B,Fe3CoB2,Tetragonal,140,FM,1040.0,165.0,135000.0,580000.0,38.0,NovoMag / Ames Lab
FeCoB,FeCoB,Orthorhombic,62,FM,780.0,135.0,110000.0,480000.0,32.0,NovoMag / Ames Lab
Co3B,Co3B,Orthorhombic,62,FM,747.0,125.0,160000.0,680000.0,42.0,NovoMag / Ames Lab
Co3Si,Co3Si,Hexagonal,194,FM,680.0,85.0,120000.0,550000.0,31.0,NovoMag / Ames Lab
Fe3Sn,Fe3Sn,Hexagonal,194,FM,743.0,128.0,140000.0,600000.0,35.0,NovoMag / Ames Lab
Fe3Ge,Fe3Ge,Hexagonal,194,FM,640.0,132.0,165000.0,720000.0,42.0,NovoMag / Ames Lab
Fe5SiB2,Fe5SiB2,Tetragonal,140,FM,620.0,138.0,105000.0,450000.0,29.0,NovoMag / Ames Lab
Fe5PB2,Fe5PB2,Tetragonal,140,FM,650.0,142.0,125000.0,520000.0,34.0,NovoMag / Ames Lab
Fe4.5Co0.5SiB2,Fe9CoSi2B4,Tetragonal,140,FM,645.0,140.0,145000.0,620000.0,39.0,NovoMag / Ames Lab
Fe4CoSiB2,Fe4CoSiB2,Tetragonal,140,FM,670.0,136.0,180000.0,760000.0,47.0,NovoMag / Ames Lab
Fe15.5Co0.5N2,Fe15.5Co0.5N2,Tetragonal,139,FM,815.8,218.6,509594.5,1949805.5,0.0,NovoMag / Ames Lab
Fe15Co1N2,Fe15Co1N2,Tetragonal,139,FM,821.5,217.2,531430.8,2020333.1,0.0,NovoMag / Ames Lab
Fe14.5Co1.5N2,Fe14.5Co1.5N2,Tetragonal,139,FM,827.2,215.8,550072.1,2077722.4,0.0,NovoMag / Ames Lab
Fe13.5Co2.5N2,Fe13.5Co2.5N2,Tetragonal,139,FM,838.8,213.0,546574.0,2037722.4,0.0,NovoMag / Ames Lab
Fe12.5Co3.5N2,Fe12.5Co3.5N2,Tetragonal,139,FM,850.2,210.2,497342.7,1829805.5,0.0,NovoMag / Ames Lab
Fe11.5Co4.5N2,Fe11.5Co4.5N2,Tetragonal,139,FM,861.8,207.4,452759.6,1643587.5,0.0,NovoMag / Ames Lab
Fe11Co5N2,Fe11Co5N2,Tetragonal,139,FM,867.5,206.0,437827.5,1578653.0,0.0,NovoMag / Ames Lab
Fe10.5Co5.5N2,Fe10.5Co5.5N2,Tetragonal,139,FM,873.2,204.6,426355.3,1526840.9,0.0,NovoMag / Ames Lab
Fe9.5Co6.5N2,Fe9.5Co6.5N2,Tetragonal,139,FM,884.8,201.8,407849.1,1440579.1,0.0,NovoMag / Ames Lab
Fe9Co7N2,Fe9Co7N2,Tetragonal,139,FM,890.5,200.4,399167.7,1400133.7,0.0,NovoMag / Ames Lab
Fe8.5Co7.5N2,Fe8.5Co7.5N2,Tetragonal,139,FM,896.2,199.0,390461.2,1360026.4,0.0,NovoMag / Ames Lab
Fe7.5Co8.5N2,Fe7.5Co8.5N2,Tetragonal,139,FM,907.8,196.2,372730.3,1280000.7,0.0,NovoMag / Ames Lab
Fe7Co9N2,Fe7Co9N2,Tetragonal,139,FM,913.5,194.8,363677.4,1240000.1,0.0,NovoMag / Ames Lab
Fe6.5Co9.5N2,Fe6.5Co9.5N2,Tetragonal,139,FM,919.2,193.4,354493.6,1200000.0,0.0,NovoMag / Ames Lab
Fe5.5Co10.5N2,Fe5.5Co10.5N2,Tetragonal,139,FM,930.8,190.6,335721.1,1120000.0,0.0,NovoMag / Ames Lab
Fe5Co11N2,Fe5Co11N2,Tetragonal,139,FM,936.5,189.2,326126.6,1080000.0,0.0,NovoMag / Ames Lab
Fe4.5Co11.5N2,Fe4.5Co11.5N2,Tetragonal,139,FM,942.2,187.8,316389.0,1040000.0,0.0,NovoMag / Ames Lab
Fe3.5Co12.5N2,Fe3.5Co12.5N2,Tetragonal,139,FM,953.8,185.0,296471.6,960000.0,0.0,NovoMag / Ames Lab
Fe3Co13N2,Fe3Co13N2,Tetragonal,139,FM,959.5,183.6,286285.1,920000.0,0.0,NovoMag / Ames Lab
Fe2.5Co13.5N2,Fe2.5Co13.5N2,Tetragonal,139,FM,965.2,182.2,275942.0,880000.0,0.0,NovoMag / Ames Lab
Fe2Co14N2,Fe2Co14N2,Tetragonal,139,FM,971.0,180.8,265438.8,840000.0,0.0,NovoMag / Ames Lab
Fe1.5Co14.5N2,Fe1.5Co14.5N2,Tetragonal,139,FM,976.8,179.4,254771.7,800000.0,0.0,NovoMag / Ames Lab
Fe1Co15N2,Fe1Co15N2,Tetragonal,139,FM,982.5,178.0,243936.7,760000.0,0.0,NovoMag / Ames Lab
Fe0.5Co15.5N2,Fe0.5Co15.5N2,Tetragonal,139,FM,988.2,176.6,232930.0,720000.0,0.0,NovoMag / Ames Lab
Mn0.85Bi1.15,Mn0.85Bi1.15,Hexagonal,194,FM,618.0,73.0,975000.0,1360000.0,77.0,NovoMag / Ames Lab
Mn0.875Bi1.125,Mn0.875Bi1.125,Hexagonal,194,FM,620.0,74.5,1012500.0,1405000.0,80.0,NovoMag / Ames Lab
Mn0.9Bi1.1,Mn0.9Bi1.1,Hexagonal,194,FM,622.0,76.0,1050000.0,1450000.0,83.0,NovoMag / Ames Lab
Mn0.925Bi1.075,Mn0.925Bi1.075,Hexagonal,194,FM,624.0,77.5,1087500.0,1495000.0,86.0,NovoMag / Ames Lab
Mn0.95Bi1.05,Mn0.95Bi1.05,Hexagonal,194,FM,626.0,79.0,1125000.0,1540000.0,89.0,NovoMag / Ames Lab
Mn0.975Bi1.025,Mn0.975Bi1.025,Hexagonal,194,FM,628.0,80.5,1162500.0,1585000.0,92.0,NovoMag / Ames Lab
Mn1.025Bi0.975,Mn1.025Bi0.975,Hexagonal,194,FM,628.0,80.5,1162500.0,1585000.0,92.0,NovoMag / Ames Lab
Mn1.05Bi0.95,Mn1.05Bi0.95,Hexagonal,194,FM,626.0,79.0,1125000.0,1540000.0,89.0,NovoMag / Ames Lab
Mn1.075Bi0.925,Mn1.075Bi0.925,Hexagonal,194,FM,624.0,77.5,1087500.0,1495000.0,86.0,NovoMag / Ames Lab
Mn1.1Bi0.9,Mn1.1Bi0.9,Hexagonal,194,FM,622.0,76.0,1050000.0,1450000.0,83.0,NovoMag / Ames Lab
Mn1.125Bi0.875,Mn1.125Bi0.875,Hexagonal,194,FM,620.0,74.5,1012500.0,1405000.0,80.0,NovoMag / Ames Lab
Mn1.15Bi0.85,Mn1.15Bi0.85,Hexagonal,194,FM,618.0,73.0,975000.0,1360000.0,77.0,NovoMag / Ames Lab
Mn0.85Al1.15,Mn0.85Al1.15,Tetragonal,123,FM,639.5,84.0,390000.0,1185000.0,44.5,NovoMag / Ames Lab
Mn0.875Al1.125,Mn0.875Al1.125,Tetragonal,123,FM,641.2,86.0,405000.0,1237500.0,46.8,NovoMag / Ames Lab
Mn0.9Al1.1,Mn0.9Al1.1,Tetragonal,123,FM,643.0,88.0,420000.0,1290000.0,49.0,NovoMag / Ames Lab
Mn0.925Al1.075,Mn0.925Al1.075,Tetragonal,123,FM,644.8,90.0,435000.0,1342500.0,51.2,NovoMag / Ames Lab
Mn0.95Al1.05,Mn0.95Al1.05,Tetragonal,123,FM,646.5,92.0,450000.0,1395000.0,53.5,NovoMag / Ames Lab
Mn0.975Al1.025,Mn0.975Al1.025,Tetragonal,123,FM,648.2,94.0,465000.0,1447500.0,55.8,NovoMag / Ames Lab
Mn1.025Al0.975,Mn1.025Al0.975,Tetragonal,123,FM,648.2,94.0,465000.0,1447500.0,55.8,NovoMag / Ames Lab
Mn1.05Al0.95,Mn1.05Al0.95,Tetragonal,123,FM,646.5,92.0,450000.0,1395000.0,53.5,NovoMag / Ames Lab
Mn1.075Al0.925,Mn1.075Al0.925,Tetragonal,123,FM,644.8,90.0,435000.0,1342500.0,51.2,NovoMag / Ames Lab
Mn1.1Al0.9,Mn1.1Al0.9,Tetragonal,123,FM,643.0,88.0,420000.0,1290000.0,49.0,NovoMag / Ames Lab
Mn1.125Al0.875,Mn1.125Al0.875,Tetragonal,123,FM,641.2,86.0,405000.0,1237500.0,46.8,NovoMag / Ames Lab
Mn1.15Al0.85,Mn1.15Al0.85,Tetragonal,123,FM,639.5,84.0,390000.0,1185000.0,44.5,NovoMag / Ames Lab
Fe0.85Pt1.15,Fe0.85Pt1.15,Tetragonal,123,FM,745.5,82.0,1900000.0,4350000.0,190.0,NovoMag / Ames Lab
Fe0.875Pt1.125,Fe0.875Pt1.125,Tetragonal,123,FM,746.2,82.5,2050000.0,4725000.0,205.0,NovoMag / Ames Lab
Fe0.9Pt1.1,Fe0.9Pt1.1,Tetragonal,123,FM,747.0,83.0,2200000.0,5100000.0,220.0,NovoMag / Ames Lab
Fe0.925Pt1.075,Fe0.925Pt1.075,Tetragonal,123,FM,747.8,83.5,2350000.0,5475000.0,235.0,NovoMag / Ames Lab
Fe0.975Pt1.025,Fe0.975Pt1.025,Tetragonal,123,FM,749.2,84.5,2650000.0,6225000.0,265.0,NovoMag / Ames Lab
Fe1.025Pt0.975,Fe1.025Pt0.975,Tetragonal,123,FM,750.8,85.5,2650000.0,6225000.0,265.0,NovoMag / Ames Lab
Fe1.05Pt0.95,Fe1.05Pt0.95,Tetragonal,123,FM,751.5,86.0,2500000.0,5850000.0,250.0,NovoMag / Ames Lab
Fe1.075Pt0.925,Fe1.075Pt0.925,Tetragonal,123,FM,752.2,86.5,2350000.0,5475000.0,235.0,NovoMag / Ames Lab
Fe1.1Pt0.9,Fe1.1Pt0.9,Tetragonal,123,FM,753.0,87.0,2200000.0,5100000.0,220.0,NovoMag / Ames Lab
Fe1.125Pt0.875,Fe1.125Pt0.875,Tetragonal,123,FM,753.8,87.5,2050000.0,4725000.0,205.0,NovoMag / Ames Lab
Fe1.15Pt0.85,Fe1.15Pt0.85,Tetragonal,123,FM,754.5,88.0,1900000.0,4350000.0,190.0,NovoMag / Ames Lab
