material_id,formula,point_group,spacegroup_number,spacegroup_symbol,crystal_system,nelements,elements,nsites,volume,density,is_centrosymmetric,is_polar,is_chiral,reduced_formula,energy_above_hull,formation_energy_per_atom,band_gap,total_magnetization,Predicted_Class,Predicted_Phase,P_FM,P_AFM,P_NM,max_probability,probability_margin,phase_entropy,High_Confidence,Boundary_Case,TC_if_FM,TN_if_AFM,TC_uncertainty,TN_uncertainty,Predicted_Curie_K,Predicted_Neel_K,Curie_Uncertainty_K,Neel_Uncertainty_K,Expected_TC_soft_K,Expected_TN_soft_K,Expected_ordering_temperature_K,Expected_temperature_uncertainty_K,Material_Criticality_Index,Rare_Earth_Free,Predicted_K1_J_m3,Predicted_K1_MJ_m3,K1_Uncertainty_MJ_m3,Anisotropy_Type,Predicted_Hc_A_m,Predicted_Hc_kA_m,Predicted_Hc_Oe,Hc_Uncertainty_kA_m,Magnetic_Hardness_Class,Predicted_Ms_emu_g,Ms_Uncertainty_emu_g,Predicted_Ms_kA_m,Predicted_Ms_Tesla,Predicted_BH_max_kJ_m3,Predicted_BH_max_MGOe,BH_max_Uncertainty_kJ_m3,Predicted_Curie_Weiss_theta_p_K,Curie_Weiss_Uncertainty_K,Magnetic_Frustration_Index,Hardness_Parameter_kappa,Permanent_Magnet_Viability,FM_screening_score,AFM_screening_score
mp-1097708,Fe65(BN)6,m,6,Pm,monoclinic,3,"B,Fe,N",77,903.3949594987524,6.945906412778153,0,1,0,Fe65(BN)6,0.0,-0.6,0.5,1.910124263513992,0,FM,0.9291831491495324,0.0689221551715811,0.0018946956788865874,0.9291831491495324,0.8602609939779513,0.24073703657747986,True,False,587.1628881404533,173.9935403854547,14.370515456906844,29.744870084861432,587.1628881404533,0.0,14.370515456906844,,545.581861466081,11.992009789299072,557.5738712553801,13.509300051777016,0.1,True,64091.720346569695,0.0640917203465697,0.0679220841757276,Easy-Axis (Uniaxial),219.48998402690938,0.2194899840269094,2.7581925390051905,0.03943505836893707,Soft Magnet,156.6108102828668,7.811613552633901,1087.8040314541472,1.3669748615046837,170.33949414458692,21.405492552676897,10.119717983116825,375.93058974954084,157.352638481336,2.160600841368749,0.2076086137231058,Semi-Hard (0.1 <= kappa < 1.0),520.6422052715069,10.439414629688622
mp-1225992,CoTc,-6m2,187,P-6m2,hexagonal,2,"Co,Tc",2,25.29095035534151,10.30383191800077,0,0,0,CoTc,0.0,-0.2,0.0,2.189564282575164,0,FM,0.8336542097173658,0.13974299151246158,0.026602798770172676,0.8336542097173658,0.6939112182049042,0.47620153997188613,True,False,805.3140316536267,179.45042879328855,40.14888332767322,20.770027843065677,805.3140316536267,0.0,40.14888332767322,,671.3534326325099,25.076939747768115,696.4303723802781,33.595897459560476,4.05,False,170.32642737371222,0.00017032642737371223,0.00023571917179258643,Easy-Axis (Uniaxial),3325.400012066047,3.325400012066047,41.78820980443393,1.3746903090559934,Soft Magnet,102.48924208048606,7.814713511177253,1056.0319238006198,1.3270488535073293,89.37685688526537,11.23142729786023,5.28606274757826,182.07759541086088,25.822242046284572,1.0146400687657235,0.011024503494134077,Soft / Non-Viable,592.1113949262444,22.717703116470187
mp-1226024,Co4Ru,-3m,166,R-3m,trigonal,2,"Co,Ru",5,58.69749467257621,9.528075735269214,1,0,0,Co4Ru,0.0,-0.2,0.0,2.024716093744708,0,FM,0.8864572194181108,0.11067146342035382,0.002871317161535335,0.8864572194181108,0.775785755997757,0.33428769839662476,True,False,956.4241357051728,287.10452908883707,6.9316316677873715,13.717962029487694,956.4241357051728,0.0,6.9316316677873715,,847.8290799215774,31.77427838887314,879.6033583104505,6.329371095889028,8.200000000000001,False,74.25040892888184,7.425040892888183e-05,7.957410230819876e-05,Easy-Axis (Uniaxial),4610.786306557515,4.6107863065575145,57.9408506774281,0.4157437405339738,Soft Magnet,107.15950332620277,11.56161313131706,1021.0238634458932,1.2830564274165945,122.03539476882712,15.335420285267565,2.439797553758436,159.9691036719596,13.326719842660978,0.5571807041137317,0.0075285025240417235,Soft / Non-Viable,828.682018188897,29.734775764415243
mp-1224758,Fe23(BC)3,3m,160,R3m,trigonal,3,"B,C,Fe",29,292.0389878261366,7.692614911174937,0,1,0,Fe23(BC)3,0.0,-0.2,0.0,2.115469100573108,0,FM,0.9308594127710579,0.06725042036449085,0.0018901668644513198,0.9308594127710579,0.8636089924065671,0.23673312655697287,True,False,634.432335815772,181.16563236186525,13.595339273384411,10.523002010743028,634.432335815772,0.0,13.595339273384411,,590.5673115604402,12.183464931934244,602.7507764923745,12.675120415455664,0.1,True,187.75530445130605,0.00018775530445130605,0.0002644726361852749,Easy-Axis (Uniaxial),57.62735233422832,0.05762735233422832,0.7241666810245201,0.030720362653931892,Soft Magnet,131.36130096527012,6.130437391866792,1010.5119025567756,1.2698467077749644,142.14252400316246,17.86215671384909,41.36292711246082,555.7395558181834,43.934573318655,3.0675771589400234,0.012096221823264426,Soft / Non-Viable,564.9643705759275,11.57447387275289
mp-1223954,HoFeNi,mmm,74,Imma,orthorhombic,3,"Fe,Ho,Ni",6,89.57085154278123,10.362047923132971,1,0,0,HoFeNi,0.0,-0.2,0.0,3.62671677309654,0,FM,0.9248287941451381,0.07317231809067536,0.0019988877641866605,0.9248287941451381,0.8516564760544627,0.2512594930259809,True,False,327.62774077254346,194.46557374993748,7.5930816935020005,28.847339396321303,327.62774077254346,0.0,7.5930816935020005,,302.9995684271673,14.229496820116113,317.2290652472834,7.3326867422595745,4.699999999999999,False,1603.0201957210072,0.0016030201957210072,0.0005021433076263847,Easy-Axis (Uniaxial),2995.8158021586155,2.9958158021586154,37.64653239363623,0.29747178913796307,Soft Magnet,97.18276088913477,16.4687613287727,1007.0124256355871,1.2654491353801594,129.42388273397665,16.263885083802823,12.181240397055367,128.9527686180895,18.838639532376384,0.6631136099385352,0.035467431246457654,Soft / Non-Viable,295.5198797960171,12.43579834281862
mp-1216203,Y2Fe17CN,-1,2,P-1,triclinic,4,"C,Fe,N,Y",21,265.65430873462566,7.208329750867858,1,0,0,Y2Fe17CN,0.0,-0.6,0.5,1.982290681488661,0,FM,0.9221011504126688,0.07595484371625832,0.0019440058710729255,0.9221011504126688,0.8461463066964106,0.25732609353173236,True,False,672.6203243378167,289.8561797895936,6.661939746459325,34.33987385756744,672.6203243378167,0.0,6.661939746459325,,620.2239748628432,22.01598083611026,642.2399556989535,6.673781151247152,1.0428571428571427,False,12537.472463009128,0.012537472463009128,0.0006908038254447476,Easy-Axis (Uniaxial),1944.0927294666917,1.9440927294666916,24.430190221763667,1.6302078450074569,Soft Magnet,138.69499061068834,9.914464752704049,999.7592271153629,1.2563344973056934,69.190402775839,8.69472261129174,0.5279303566051462,147.48900814453978,41.56048184010481,0.5088351342089789,0.09990900710847958,Soft / Non-Viable,606.7501973433313,18.7897863677196
mp-1246348,Fe3(CoN)8,2/m,12,C2/m,monoclinic,3,"Co,Fe,N",19,167.3760250741686,7.451215160607655,1,0,0,Fe3(CoN)8,0.0,-0.6,0.5,3.632467390796232,0,FM,0.7718740948865598,0.20271142887278087,0.02541447624065919,0.7718740948865598,0.569162666013779,0.5613619129767906,False,True,339.38379328441806,220.472735249511,8.627517643672576,19.46731011123228,339.38379328441806,0.0,8.627517643672576,,261.9615582605775,44.692343189918695,306.65390145049616,7.740794537370467,3.426315789473684,True,1688.2259793115202,0.0016882259793115201,0.0013077400319683775,Easy-Axis (Uniaxial),1947.2298444022965,1.9472298444022966,24.46961237147017,0.1310100692415653,Soft Magnet,134.03554930427356,8.919247612792205,998.727717036378,1.2550382635111963,158.3370525322184,19.897221227593487,38.26534250663224,135.50243551938598,24.183657794000155,0.6145995121167098,0.03669976259038475,Soft / Non-Viable,254.63856262132774,40.728018370724406
mp-1225564,ErFeNi,mmm,74,Imma,orthorhombic,3,"Er,Fe,Ni",6,92.39228439413608,10.129321843021245,1,0,0,ErFeNi,0.0,-0.2,0.0,3.545262645057436,0,FM,0.9250902416818679,0.07287802895763987,0.002031729360492339,0.9250902416818679,0.8522122127242281,0.2507625947357827,True,False,326.11237187238874,195.5889730458032,21.73183380768299,24.501435319268012,326.11237187238874,0.0,21.73183380768299,,301.6833729108753,14.254138841427087,315.9375117523024,20.183050263409896,4.699999999999999,False,8992.946778461768,0.008992946778461769,0.0038115005975133706,Easy-Axis (Uniaxial),2441.651586313431,2.441651586313431,30.682699340823863,0.694885584933584,Soft Magnet,97.03164976522993,16.924677042694803,982.8648094313307,1.2351043459125604,127.73684264135112,16.05188536923216,13.925297506059222,119.19391262315156,12.32117203361441,0.6094101869190685,0.08607009726714776,Soft / Non-Viable,281.30574087785936,12.698483482883741
mp-1245567,Fe(CoN)2,-3m,164,P-3m1,trigonal,3,"Co,Fe,N",5,44.56216104663812,7.51695804460887,1,0,0,Fe(CoN)2,0.0,-0.6,0.5,3.6645170467468247,0,FM,0.7398278134976757,0.25573757471681174,0.004434611785512623,0.7398278134976757,0.48409023878086394,0.5422211830135242,False,True,336.8117359560325,213.9394558541607,7.018045416843563,1.6361808021346747,336.8117359560325,0.0,7.018045416843563,,249.18269017270802,54.71235757637747,303.8950477490855,5.208978578785897,3.2600000000000002,True,1276.6897087912057,0.0012766897087912058,0.00040427448837474113,Easy-Axis (Uniaxial),2569.6184662238834,2.5696184662238832,32.29077861138188,0.22141460811495353,Soft Magnet,129.88229215493251,19.627409083404338,976.3197408662595,1.2268795701840525,146.69241016431903,18.43391228249893,45.97968907788184,82.31937182412892,4.587035756225909,0.3847788220992989,0.032647180179320355,Soft / Non-Viable,243.48668805547422,54.26839306192438
mp-1225034,Fe6BP,2,5,C2,monoclinic,3,"B,Fe,P",16,166.35328513422706,7.523531081512664,0,1,1,Fe6BP,0.0,-0.6,0.5,2.068971047415983,0,FM,0.9344205516415318,0.06348221015387352,0.002097238204594705,0.9344205516415318,0.8709383414876583,0.2287746361858045,True,False,677.266560080144,147.22777855799262,8.761654896515324,3.7442955125566755,677.266560080144,0.0,8.761654896515324,,632.8517926784508,9.346344778906442,642.1981374573572,8.190520204737796,0.1,True,1880.2845383980632,0.0018802845383980632,0.00011215743133721619,Easy-Axis (Uniaxial),47.83254302177996,0.047832543021779965,0.6010814747161471,0.02516573199856379,Soft Magnet,128.00907601300108,3.3052198728117688,963.0802620995308,1.2102423504916875,141.67395761988064,17.803274924407702,27.323349993296596,447.9685965042871,143.55556574675276,3.0426907265182535,0.040164685727683266,Soft / Non-Viable,614.8935102293298,9.174583028588824
mp-20885,Fe4P,m-3m,221,Pm-3m,cubic,2,"Fe,P",5,70.769506893712,5.968168744797443,1,0,0,Fe4P,0.0,-0.6,0.5,1.641246404819297,0,FM,0.9259360745779297,0.07208329216305095,0.001980633259019386,0.9259360745779297,0.8538527824148787,0.24863477215602145,True,False,607.5222038026084,185.589461319616,3.841556781542465,12.60613204892465,607.5222038026084,0.0,3.841556781542465,,562.5267246079202,13.377899362685124,575.9046239706053,3.671270269722539,0.10000000000000002,True,1157.8304794351714,0.0011578304794351714,0.00011905933972215962,Easy-Axis (Uniaxial),2095.6767204318817,2.095676720431882,26.335050868441552,0.6058501126074222,Soft Magnet,159.2405186855657,17.19009254350152,950.3742865245263,1.1942755506824372,100.14791661924342,12.584958609420909,31.39132392144592,250.84691463915215,54.12655616646636,1.3516226236960296,0.031939115104664,Soft / Non-Viable,555.4145363457,12.584678751981263
mp-1246230,Fe2Co3N4,2/m,15,C2/c,monoclinic,3,"Co,Fe,N",18,161.82882375854263,7.070222768586177,1,0,0,Fe2Co3N4,0.0,-0.6,0.5,3.446733599685761,0,FM,0.7511798314636607,0.23214657777649123,0.01667359075984815,0.7511798314636607,0.5190332536871696,0.5663548473380611,False,True,350.67641304203835,237.47820657742065,5.985469850835841,24.39607026027872,350.67641304203835,0.0,5.985469850835841,,263.4210488471995,55.12975295344683,318.5508018006463,7.231204589302838,2.7333333333333334,True,1554.909038372185,0.001554909038372185,0.0005099483763565115,Easy-Axis (Uniaxial),2335.3330869777965,2.3353330869777964,29.346661649054642,0.2420833780524146,Soft Magnet,134.09309015934411,7.403662024653677,948.0680191546738,1.1913774096319003,160.17064435161686,20.127637175649948,41.23258207124237,164.40059933356378,20.28129547822907,0.6922765743557494,0.03710291787674535,Soft / Non-Viable,258.26819388739017,49.13611266855201
mp-1225187,Fe6SiB,mm2,26,Pmc2_1,orthorhombic,3,"B,Fe,Si",16,175.52720382945068,7.075666565288034,0,1,0,Fe6SiB,0.0,-0.2,0.0,1.9458083054542092,0,FM,0.9325990641878027,0.06543460400068121,0.0019663318115160444,0.9325990641878027,0.8671644601871215,0.23279443951307444,True,False,699.4747567644021,147.25855652605628,20.974206899827436,0.1591465322892276,699.4747567644021,0.0,20.974206899827436,,652.3295035814723,9.635805331994423,661.9653089134667,19.560528498895792,0.1,True,17.951513647181514,1.7951513647181515e-05,1.7053808129911894e-05,Easy-Axis (Uniaxial),118.72727685077562,0.11872727685077562,1.4919709919249207,0.09077399663823761,Soft Magnet,132.7489806172009,4.848001918131672,939.2875237291978,1.1803435136624785,144.2086496019888,18.12179371899971,12.264068355992737,591.0714749996273,46.001308307931595,4.013834502683324,0.004023898811226098,Soft / Non-Viable,609.702732704367,9.628143903421368
mp-1225248,Fe9BP2,1,1,P1,triclinic,3,"B,Fe,P",48,514.5751041001117,7.42681566069401,0,1,1,Fe9BP2,0.0,-0.6,0.5,2.042374306690853,0,FM,0.9310094478886766,0.0669420170659075,0.0020485350454159884,0.9310094478886766,0.864067430822769,0.23688261598657154,True,False,631.1551442221153,152.1905175700656,18.210877153513763,1.0028682095119308,631.1551442221153,0.0,18.210877153513763,,587.6114023543296,10.187940224444626,597.7993425787743,16.954631597630442,0.1,True,2462.1706953691805,0.0024621706953691807,0.0010719355884228371,Easy-Axis (Uniaxial),70.46937543219371,0.07046937543219371,0.8855443058467894,0.02700345706903442,Soft Magnet,125.39807043169235,0.29037130461067306,931.3083533029032,1.1703165923852834,130.4662984096854,16.39487890349937,32.71529958841468,290.54242508564175,12.31470576603644,1.9090704843150401,0.04752921578716493,Soft / Non-Viable,553.9830136644099,10.13710930117216
mp-1226402,Fe46(BC3)3,1,1,P1,triclinic,3,"B,C,Fe",58,581.2135872524956,7.740809040997141,0,1,1,Fe46(BC3)3,0.0,-0.2,0.0,2.128722486274214,0,FM,0.9314590932015759,0.06662143674356209,0.0019194700548619222,0.9314590932015759,0.8648376564580138,0.23539099969105473,True,False,640.7035312391989,181.5870944655327,33.07620102350393,5.4658378659806885,640.7035312391989,0.0,33.07620102350393,,596.7891302191118,12.09759312738272,608.8867233464946,30.811280086247173,0.1,True,627.9164173145604,0.0006279164173145604,0.000635156490916645,Easy-Axis (Uniaxial),85.81764283591892,0.08581764283591892,1.078416326077204,0.04184929588296291,Soft Magnet,120.09512598748533,0.5925503873556437,929.6334370236171,1.1682118305139302,131.52745505689404,16.528227783177076,45.384514087688444,543.985807375707,54.01274852649698,2.9957294541048003,0.02404552429818383,Soft / Non-Viable,537.524862225445,11.775770856149451
mp-28618,Y3(Fe31B7)2,m-3m,229,Im-3m,cubic,3,"B,Fe,Y",79,890.6820965118936,7.234520638117275,1,0,0,Y3(Fe31B7)2,0.0,-0.2,0.0,1.989493175482251,0,FM,0.9281350974466466,0.06993334524780008,0.0019315573055534402,0.9281350974466466,0.8582017521988465,0.24333165053481437,True,False,548.2098085418634,189.0447770461611,9.450646369446815,8.096268463495278,548.2098085418634,0.0,9.450646369446815,,508.8127640722098,13.220533660462577,522.0332977326724,8.789731680522902,0.47594936708860763,False,901.8736274090426,0.0009018736274090426,0.00041730004892643935,Easy-Axis (Uniaxial),47.7358741009929,0.0477358741009929,0.5998666972070474,0.03512215318679736,Soft Magnet,128.1579506817615,3.7973146151070196,927.1613391460195,1.1651053007014438,70.21627213596697,8.82363715960899,8.087457210251957,384.902713298955,39.55302357949057,2.036039922991203,0.02889432794522226,Soft / Non-Viable,493.2735834050403,12.706170810344688
mp-1225232,GaFe19N5,4/m,83,P4/m,tetragonal,3,"Fe,Ga,N",25,265.2502493055507,7.517408241382945,1,0,0,GaFe19N5,0.0,-0.6,0.5,2.06728726638031,0,FM,0.9278258128117268,0.0702365290632852,0.001937658124988084,0.9278258128117268,0.8575892837484416,0.24407884483079598,True,False,583.3506673956915,184.46994225118414,9.664371569297487,9.919886982623396,583.3506673956915,0.0,9.664371569297487,,541.2478071306708,12.956528460227837,554.2043355908986,8.99388150109605,0.336,True,6159.050130062417,0.0061590501300624175,0.005389261987297457,Easy-Axis (Uniaxial),441.8227041903615,0.4418227041903615,5.5521079545549945,0.02394688014157427,Soft Magnet,121.37684958027916,12.686732293720517,912.4393293478886,1.1466050775702898,176.95641985913244,22.236999977397176,35.37213708460334,291.05400211765414,45.14226619025284,1.577785511101529,0.07672695107362353,Soft / Non-Viable,524.3559060938487,12.344260133200569
mp-1183752,Co3Cu,4/mmm,139,I4/mmm,tetragonal,2,"Co,Cu",4,44.52013264955726,8.96455626214091,1,0,0,Co3Cu,0.0,-0.2,0.0,1.9049682057049435,0,FM,0.9118662145203092,0.08540539514645355,0.0027283903332372674,0.9118662145203092,0.8264608193738557,0.28250726534668974,True,False,836.8790679524793,221.24729291316748,30.846651540903167,4.489714610390735,836.8790679524793,0.0,30.846651540903167,,763.1217477051119,18.89571247633222,782.0174601814442,28.130632848702497,6.5,True,370.75913712683774,0.00037075913712683774,0.00031040452764809673,Easy-Axis (Uniaxial),4435.647317616772,4.435647317616772,55.739989190618545,1.5633329741436277,Soft Magnet,100.53123531868395,4.460961653353323,901.2179151168697,1.132503832565867,138.9137802131515,17.456420795125997,37.88715730779866,198.3550172160261,29.293262745622044,0.8965308212556261,0.019059485941120474,Soft / Non-Viable,691.9717133157377,18.480843901937817
mp-1121,GaCo,m-3m,221,Pm-3m,cubic,2,"Co,Ga",2,23.081673637324567,9.25576895388653,1,0,0,GaCo,0.0,-0.2,0.0,1.966850902700888,0,FM,0.9054381390522548,0.08529645296673209,0.009265407981013196,0.9054381390522548,0.8201416860855227,0.3124726187034684,True,False,617.7211494797355,216.36681327997906,49.28335020649985,20.816622968720722,617.7211494797355,0.0,49.28335020649985,,559.3082880381514,18.455321712497437,577.7636097506488,44.65833684635312,7.0,True,26.48932932467542,2.648932932467542e-05,2.412921225185833e-05,Easy-Axis (Uniaxial),2083.0415880572814,2.0830415880572812,26.176273109176268,1.059829560400833,Soft Magnet,97.21252828874285,7.29175533973207,899.7767012637621,1.130692749824597,28.37099976704326,3.5652050469866983,0.7507460924148562,178.25324406075242,55.59733842514284,0.8238474346344992,0.0051026503010092586,Soft / Non-Viable,480.39073809915305,16.715518482602356
mp-1006884,CoMo,m-3m,221,Pm-3m,cubic,2,"Co,Mo",2,26.99308858980719,9.527364390715784,1,0,0,CoMo,0.017852781853799,-0.1910736090731004,0.0,2.024564933027104,0,FM,0.7429097097927138,0.23671853243194182,0.020371757775344522,0.7429097097927138,0.5061911773607719,0.583628906042623,False,True,758.5787237290565,209.6279383210305,51.09452266379452,13.398224241594477,758.5787237290565,0.0,51.09452266379452,,563.5554995004806,49.62281791608796,613.1783174165685,38.09088738852029,4.05,True,281.3371060844072,0.0002813371060844072,0.00020120099924357193,Easy-Axis (Uniaxial),3534.190820032371,3.534190820032371,44.411952529181576,1.4438596298056299,Soft Magnet,93.99236896970353,7.511057819666199,895.4995491209727,1.125317921924568,76.9465740382652,9.669391856547486,3.5683425470859573,225.06567286075645,15.892526577538177,1.073643497442999,0.016708720888867795,Soft / Non-Viable,481.54169016199984,46.50724540229397
mp-1225668,DyFeNi,mmm,74,Imma,orthorhombic,3,"Dy,Fe,Ni",6,90.75493686401678,10.137918722380466,1,0,0,DyFeNi,0.0,-0.2,0.0,11.151710594618514,0,FM,0.9262977728686317,0.07173074179809556,0.001971485333272765,0.9262977728686317,0.8545670310705361,0.24776344906541034,True,False,379.8146020550978,271.6369187296123,7.701890501572535,34.97276930906304,379.8146020550978,0.0,7.701890501572535,,351.8214199866227,19.48471768022409,371.3061376668468,7.562448379483324,4.699999999999999,False,536.7672255536635,0.0005367672255536635,0.0003723046559318048,Easy-Axis (Uniaxial),3171.7028838242386,3.1717028838242385,39.856794691063165,0.8949150295187733,Soft Magnet,88.26900555710547,14.703710445974409,894.8640040432849,1.1245192724257322,133.9559062339797,16.833395964206918,15.938524999755941,205.9770875143942,25.422064086281054,0.758280901129732,0.023095694395222258,Soft / Non-Viable,343.0152015768893,16.584660203408987
mp-1216000,YTiFe11C,mm2,44,Imm2,orthorhombic,4,"C,Fe,Ti,Y",14,176.27249808657078,7.188425640326012,0,1,0,YTiFe11C,0.0,-0.2,0.0,1.9768170510896532,0,FM,0.9262087352654031,0.07190077322734971,0.0018904915072472123,0.9262087352654031,0.8543079620380535,0.24770409022774934,True,False,580.6747816038103,301.1058119328926,11.351445771840417,37.31934815423048,580.6747816038103,0.0,11.351445771840417,,537.8260550697793,21.649740701223923,559.4757957710032,10.850816038322566,0.807142857142857,False,3918.7731327656006,0.003918773132765601,0.0019742053549982783,Easy-Axis (Uniaxial),4685.45754883125,4.68545754883125,58.87919720030368,3.3733148142264957,Soft Magnet,123.01401469295737,18.365454444488392,884.2770973382956,1.1112153730942782,60.15127578142888,7.558832390804693,0.7056641836075148,258.12051094428523,16.594535147363658,0.8572418754966195,0.06315122100958281,Soft / Non-Viable,518.2176563238769,18.245238636972882
mp-1225026,Fe6BC,mm2,26,Pmc2_1,orthorhombic,3,"B,C,Fe",16,154.4383630084099,7.696185568346561,0,1,0,Fe6BC,0.0,-0.2,0.0,2.116451031295304,0,FM,0.9313580183811145,0.06674788799034176,0.0018940936285437688,0.9313580183811145,0.8646101303907727,0.2355514786522592,True,False,658.9043675236039,162.36024697773053,30.347993632851683,5.4412400240634184,658.9043675236039,0.0,30.347993632851683,,613.6758660394454,10.837203579353782,624.5130696187991,28.26718054225368,0.1,True,1203.6148610889595,0.0012036148610889595,0.0002970368849511439,Easy-Axis (Uniaxial),243.4803857199636,0.2434803857199636,3.059664823724147,0.1613413801071695,Soft Magnet,113.43361013411429,9.976592510363034,873.0061132796205,1.097051836807294,150.65920329049007,18.932394217922493,41.439650036791406,532.3113462614348,72.34950294884152,3.2785817721406096,0.03545043378762401,Soft / Non-Viable,557.2994640810356,10.550173449191036
mp-1212650,Fe3CoN,m-3m,221,Pm-3m,cubic,3,"Co,Fe,N",5,49.64674626544322,8.043184866676373,1,0,0,Fe3CoN,0.0,-0.6,0.5,3.9210526225047326,0,FM,0.9205253763863217,0.0774154812208406,0.002059142392837746,0.9205253763863217,0.8431098951654811,0.2612740910025532,True,False,689.8412768219671,211.56832114491857,12.787897983346,6.374261718294136,689.8412768219671,0.0,12.787897983346,,635.016400993362,16.37866339251922,651.3950643858813,11.78192315884321,1.6800000000000002,True,42555.868675373575,0.04255586867537357,0.013673541347240557,Easy-Axis (Uniaxial),1007.3671473844109,1.007367147384411,12.658949164687076,0.05687775078717148,Soft Magnet,108.23782064418887,22.36501124969336,870.5768010073715,1.0939990729721847,230.04038331508218,28.907727691654706,2.048866618565894,271.18784651323483,66.78233919154505,1.28179797923281,0.21138185658719075,Semi-Hard (0.1 <= kappa < 1.0),609.0546390261934,15.872777211798331
mp-1187951,ZnCo3,4/mmm,139,I4/mmm,tetragonal,2,"Co,Zn",4,45.687737793434856,8.803167712937729,1,0,0,ZnCo3,0.0,-0.2,0.0,1.8706731389992672,0,FM,0.9204437153600065,0.07577369468903855,0.0037825899509549323,0.9204437153600065,0.8446700206709679,0.26660680425617017,True,False,837.8396383333732,199.86329269201553,3.729774220440788,13.493732726792091,837.8396383333732,0.0,3.729774220440788,,771.1842295834541,15.144380119990736,786.3286097034448,3.582074570168753,6.375,True,827.7825185228896,0.0008277825185228897,6.183879135001001e-06,Easy-Axis (Uniaxial),4453.681832112359,4.453681832112359,55.96661758802283,1.4397561099847158,Soft Magnet,98.78331437049985,1.853875834210612,869.6060836433618,1.0927792335563906,139.21393627381164,17.494139518862767,36.3398929838021,209.44946002437626,36.371714219601586,1.04796362154972,0.029514173360093435,Soft / Non-Viable,761.7141568318006,14.187189409790307
mp-1216161,Y2Fe17C2,2/m,12,C2/m,monoclinic,3,"C,Fe,Y",21,266.70619378643573,7.167472918334956,1,0,0,Y2Fe17C2,0.0,-0.2,0.0,1.9710550525421129,0,FM,0.926071247048364,0.07201309976550072,0.0019156531861352858,0.926071247048364,0.8540581472828632,0.2481070340411946,True,False,597.2486947895129,288.9834543886743,21.373089941585647,32.34493208241875,597.2486947895129,0.0,21.373089941585647,,553.094843581732,20.81059433147063,573.9054379132026,19.929587456726438,1.0428571428571427,False,5763.6877772413,0.0057636877772413,0.001961454178056427,Easy-Axis (Uniaxial),2384.3881417242947,2.3843881417242945,29.963105659482444,1.724111471026279,Soft Magnet,120.72169509487428,11.88329035422423,865.2694802480013,1.0873296970090318,68.91515089508721,8.660133439161513,1.4063515795408634,410.93727367115395,113.08758725221554,1.4220096944320393,0.07826974263841956,Soft / Non-Viable,516.3109739669851,17.91353411064595
mp-1183807,Co3Ru,6/mmm,194,P6_3/mmc,hexagonal,2,"Co,Ru",8,92.23858152885136,10.00477878799038,1,0,0,Co3Ru,0.0,-0.2,0.0,2.126015492447956,0,FM,0.8436403156675742,0.14657909084551907,0.009780593486906589,0.8436403156675742,0.6970612248220551,0.42795930959914225,True,False,854.5179414883562,202.94631678831254,12.77870719416569,2.4342042271872515,854.5179414883562,0.0,12.77870719416569,,720.9057859008426,29.747686605277554,750.6534725061201,10.78653546463756,8.25,False,45.965920413936914,4.596592041393691e-05,3.40891240454469e-05,Easy-Axis (Uniaxial),3968.046972251292,3.968046972251292,49.86394983720005,0.933054420763025,Soft Magnet,86.07905660833876,1.9276571067259098,861.2019196453308,1.0822182496060795,117.44038733363082,14.757994609985818,2.6316572205553714,140.96248285272748,14.63750667031647,0.6945801485018395,0.007022763757060932,Soft / Non-Viable,691.4528732161949,29.389980531049396
mp-1246033,Fe(CoN)3,6/mmm,194,P6_3/mmc,hexagonal,3,"Co,Fe,N",14,133.56270430371274,6.829622725487546,1,0,0,Fe(CoN)3,0.0,-0.6,0.5,3.329441078675179,0,FM,0.6375205956965558,0.35464700350047146,0.007832400802972813,0.6375205956965558,0.2828735921960844,0.630443965513074,False,True,311.4964970315216,215.80032268615423,10.177769606051271,20.750490630968827,311.4964970315216,0.0,10.177769606051271,,198.5854323449261,76.5329377950794,275.1183701400055,9.811088873465295,3.4857142857142853,True,1259.5715827341307,0.0012595715827341308,7.977332239043147e-05,Easy-Axis (Uniaxial),2898.4047057499956,2.8984047057499955,36.42242843043383,0.814429729463983,Soft Magnet,124.50908413079539,21.408722143821663,850.350070509321,1.068581413796658,109.65762976589906,13.779984431007804,38.514931215710895,97.4895321772045,29.813177976713106,0.4517580463444758,0.037231346483255545,Soft / Non-Viable,192.06930844574478,69.33886087983416
mp-21666,Nb3(Fe10B3)2,m-3m,225,Fm-3m,cubic,3,"B,Fe,Nb",29,308.0019977751075,7.873950987544852,1,0,0,Nb3(Fe10B3)2,0.0,-0.2,0.0,2.1653365215748344,0,FM,0.9266183890339799,0.07137828661768772,0.002003324348332486,0.9266183890339799,0.8552401024162921,0.2471199375519713,True,False,465.635615746345,193.36407774581647,16.796079606674084,8.529949564584783,465.635615746345,0.0,16.796079606674084,,431.4665241397235,13.80199656290574,445.26852070262925,15.575460976761965,0.606896551724138,True,223.45360703794591,0.00022345360703794593,7.735856146829445e-05,Easy-Axis (Uniaxial),93.3363811155097,0.0933363811155097,1.1728995796864325,0.006150994455575951,Soft Magnet,107.94932611539474,1.050148588306378,849.9877029711137,1.0681260493182856,73.84901030803174,9.280140510628415,4.707319622374766,443.47090014520586,39.056183219470284,2.293450289811136,0.015688308110324133,Soft / Non-Viable,408.590779919456,13.23742377699186
mp-1009077,FeH,m-3m,225,Fm-3m,cubic,2,"Fe,H",2,13.643882323835909,6.919330276547173,1,0,0,FeH,0.0,-0.2,0.0,1.9028158260504728,0,FM,0.6541912811328698,0.3381176254783579,0.0076910933887723,0.6541912811328698,0.31607365565451195,0.6205002993734594,False,True,547.9674237711399,246.31337617044326,31.452585449783953,2.6063615164367775,547.9674237711399,0.0,31.452585449783953,,358.4755109759202,83.28289387430782,441.75840485022803,20.59487034587019,0.1,True,98.48884812371114,9.848884812371114e-05,0.00011447522680646478,Easy-Axis (Uniaxial),4488.045087771253,4.488045087771253,56.39843900253744,1.2057414983257482,Soft Magnet,122.53246581174218,3.179054320773112,847.8426005511691,1.0654304341168073,58.44654617524709,7.3446097463574915,5.068333340623409,256.1712771824589,22.04886466525801,1.0400217851148863,0.0104417517274349,Soft / Non-Viable,324.4586345490103,82.21152904673367
mp-1246241,Fe4RuN4,-1,2,P-1,triclinic,3,"Fe,N,Ru",18,170.23858779134886,7.422483931692568,1,0,0,Fe4RuN4,0.0,-0.6,0.5,2.0411830812154563,0,FM,0.6029118120282727,0.32807928464603214,0.06900890332569518,0.6029118120282727,0.27483252738224057,0.7784410994076151,False,True,358.67245156911093,287.3113102104236,1.4515662237892002,3.916823448874027,358.67245156911093,0.0,1.4515662237892002,,216.24785770015555,94.26088912455,310.50874682470555,1.5547394829745116,1.0888888888888888,False,1638.0059269720623,0.0016380059269720624,0.000640907956389595,Easy-Axis (Uniaxial),3075.103263562047,3.0751032635620468,38.642888038059596,0.30168462155001063,Soft Magnet,113.72404935792682,7.027329663191097,844.1149290062243,1.0607461039005697,89.468630926345,11.242959964214117,16.162593726747392,105.64467576509449,19.053325452182108,0.36770106852988665,0.04277117893003441,Soft / Non-Viable,215.20656907745428,92.45033100290823
mp-1225207,Fe3Co3B2,2,4,P2_1,monoclinic,3,"B,Co,Fe",16,154.8873122413787,7.846804210457432,0,1,1,Fe3Co3B2,0.0,-0.2,0.0,3.825317052597998,0,FM,0.9326310185630238,0.0653732488718888,0.001995732565087346,0.9326310185630238,0.867257769691135,0.2328107307647728,True,False,809.0350396400881,160.74967685771634,51.71468631184467,10.511158266477011,809.0350396400881,0.0,51.71468631184467,,754.5311730727117,10.508728631295195,765.0399017040069,48.2356152632224,3.0625,True,567.8366042450187,0.0005678366042450188,0.0005537955814528544,Easy-Axis (Uniaxial),378.98053429502704,0.37898053429502704,4.762409942098272,0.07205949580351732,Soft Magnet,107.31278006924613,6.428680899153676,842.0623744832529,1.0581667878163858,113.09393075939644,14.211802757664504,15.538090889955674,692.3465252810256,34.060138760799816,4.3069854870927005,0.025244251486830547,Soft / Non-Viable,643.5880011024448,9.984011030895234
mp-1216228,Y4Fe34C3,-1,2,P-1,triclinic,3,"C,Fe,Y",41,529.794166017695,7.178777815214444,1,0,0,Y4Fe34C3,0.0,-0.2,0.0,1.9741638991839725,0,FM,0.9290430852804352,0.06903135405775282,0.0019255606618119863,0.9290430852804352,0.8600117312226824,0.2411693376681514,True,False,552.6471313630011,284.31461153758335,0.48549601366875095,23.663827670763197,552.6471313630011,0.0,0.48549601366875095,,513.4329959928646,19.62662261284337,533.0596186057079,1.694672797129087,1.0658536585365854,False,3085.188527903925,0.003085188527903925,0.002061258737404546,Easy-Axis (Uniaxial),2550.5576760404647,2.550557676040465,32.05125365308126,2.071448459087155,Soft Magnet,117.20793265853828,13.714926036965629,841.409706736263,1.0573466213367144,70.21296319565649,8.823221345898089,2.4477436660820153,259.2618561012978,26.304548826461087,0.9118836865231815,0.05888821685836343,Soft / Non-Viable,512.6034395711823,17.55010885509308
mp-653838,ZrFe12Si2B,-43m,217,I-43m,cubic,4,"B,Fe,Si,Zr",64,752.6833423822673,7.309851663410543,0,0,0,ZrFe12Si2B,0.0,-0.2,0.0,2.0102092074378994,0,FM,0.9287187632186648,0.06934051501095337,0.0019407217703819404,0.9287187632186648,0.8593782482077114,0.24198542647375829,True,False,570.3315155617016,165.35969131871252,1.7481171009486616,12.434351992380826,570.3315155617016,0.0,1.7481171009486616,,529.6775797570901,11.4661261580918,541.143705915182,1.8382541564798354,0.1,True,808.2101090036275,0.0008082101090036275,0.0007280495997448431,Easy-Axis (Uniaxial),34.05858777638622,0.03405858777638622,0.42799284491434847,0.004663785047831483,Soft Magnet,114.34024451595266,10.366234924997798,835.8102265697047,1.050310107034642,63.538926453413055,7.984537137636199,0.03790021869164575,413.41233952918503,2.4332612110054868,2.5000792891683528,0.0303423718547206,Soft / Non-Viable,526.6089991009507,10.794983062346757
mp-1207957,Y2Fe14C,4/mmm,136,P4_2/mnm,tetragonal,3,"C,Fe,Y",68,887.5136676532235,7.271850926538338,1,0,0,Y2Fe14C,0.0,-0.2,0.0,1.9997590047980431,0,FM,0.9251711587837571,0.07295454834815249,0.0018742928680903215,0.9251711587837571,0.8522166104356046,0.25005667408311505,True,False,550.8852322840787,280.8959965485342,5.396095006247208,29.815502510985922,550.8852322840787,0.0,5.396095006247208,,509.6631287091203,20.49264056100251,530.1557692701228,5.44560067418512,1.2647058823529411,False,3448.8014556000658,0.003448801455600066,0.0018119902486848178,Easy-Axis (Uniaxial),3688.8092590851234,3.688809259085123,46.35494517587859,2.9105913751718115,Soft Magnet,114.81721957978363,14.458667998665298,834.9337045838054,1.0492086370219973,67.97174600567357,8.54158168206071,2.6974158194210256,270.08957576408227,17.164494864299286,0.9615287475890218,0.06274471797363997,Soft / Non-Viable,500.6578051026107,17.833993213771898
mp-1225227,Fe3Co3Si2,3m,160,R3m,trigonal,3,"Co,Fe,Si",8,86.69779519486819,7.670958295056223,0,1,0,Fe3Co3Si2,0.0,-0.2,0.0,3.7395921688399087,0,FM,0.9295637801713523,0.06846145561978507,0.001974764208862504,0.9295637801713523,0.8611023245515672,0.24009470263033872,True,False,869.6218519256661,215.38389234920461,66.68602111963366,7.82282672283921,869.6218519256661,0.0,66.68602111963366,,808.3689759956342,14.745494787281638,823.1144707829158,61.99122336630592,3.0625,True,571.2461103067312,0.0005712461103067313,1.637221793071256e-05,Easy-Axis (Uniaxial),4495.362894569149,4.495362894569149,56.49039727663054,0.1852825723325691,Soft Magnet,108.38578185381235,17.596863677268665,831.422812377656,1.0447967197570436,134.75263571153127,16.93351594509492,1.4978041361704197,758.5410184103375,49.59731016500484,3.521809408015087,0.025643940440954686,Soft / Non-Viable,661.3578888505531,14.190447719149558
mp-1008279,Co3Mo,m-3m,221,Pm-3m,cubic,2,"Co,Mo",4,45.21946761843117,10.015481392994774,1,0,0,Co3Mo,0.0,-0.2,0.0,2.1282897960113893,0,FM,0.8722199777865253,0.07544167708430596,0.05233834512916876,0.8722199777865253,0.7967783007022193,0.42655171191809443,True,False,857.7354307111934,203.8362004934255,69.45267125378518,1.30618768093656,857.7354307111934,0.0,69.45267125378518,,748.1339783216329,15.377744815716856,763.5117231373497,60.57808752543089,6.025,True,896.0214745588212,0.0008960214745588212,0.00036220794458349863,Easy-Axis (Uniaxial),2803.0992824247023,2.8030992824247023,35.22478513610325,1.3955797501998892,Soft Magnet,82.82139182494856,11.794566484744017,829.4961087647018,1.0423755525906029,90.24431593544946,11.340435419151861,2.275246067911211,215.1104924024949,0.9746694416121642,1.0553105477916964,0.032191404417248944,Soft / Non-Viable,607.493762962447,15.277965364969363
mp-1245531,Fe2CoN2,4/mmm,139,I4/mmm,tetragonal,3,"Co,Fe,N",10,93.45062451443944,7.0592107485332765,1,0,0,Fe2CoN2,0.0170305585619558,-0.591484720719022,0.5,3.441365239909973,0,FM,0.821007165139953,0.17535272073580782,0.0036401141242392975,0.821007165139953,0.6456544444041452,0.44387372457399465,True,False,416.29494365822745,237.7465465321526,0.5356887019462704,4.476243208981643,416.29494365822745,0.0,0.5356887019462704,,341.78113155493776,41.689503779955295,383.4706353348931,0.8997385361263059,1.6800000000000002,True,3616.5734282205385,0.0036165734282205386,0.0010930392423032886,Easy-Axis (Uniaxial),3778.370935589693,3.778370935589693,47.480410417542714,0.10620916038344946,Soft Magnet,117.48056662112461,15.866009003556826,829.3200786356225,1.0421543466064724,160.41071113101344,20.157804857456945,33.31322392870527,131.40150725554147,8.736165483861804,0.5526957559308685,0.06468767340804349,Soft / Non-Viable,341.1719250693348,40.77686789007289
mp-1080817,NbFeB,-6m2,189,P-62m,hexagonal,3,"B,Fe,Nb",9,99.32165580258884,8.00307537501664,0,0,0,NbFeB,0.0,-0.2,0.0,2.2008457281295764,0,FM,0.8064903059176995,0.0895587121287328,0.10395098195356763,0.8064903059176995,0.7025393239641319,0.5687786519201626,True,False,527.9809463560189,189.56080315191656,11.190858411305385,2.3680847328088674,527.9809463560189,0.0,11.190858411305385,,425.81151494538216,16.97682140037388,442.788336345756,9.027810305114818,1.7333333333333332,True,185.68620273160528,0.00018568620273160528,0.00023130542015599431,Easy-Axis (Uniaxial),515.7402226820327,0.5157402226820327,6.480982904860292,0.0032864213272160445,Soft Magnet,103.5392565977491,5.520786070544908,828.6324748249751,1.0412902781744284,82.83036772078037,10.408771191240481,11.957545315785623,144.01811240014302,12.678947442845311,0.7597462661345921,0.01466975753640832,Soft / Non-Viable,410.4987374493318,16.77816086740037
mp-580234,Fe3RhN,m-3m,221,Pm-3m,cubic,3,"Fe,N,Rh",5,56.598148711050186,8.345426474217565,1,0,0,Fe3RhN,0.0,-0.6,0.5,2.2949922804098306,0,FM,0.9020767116597384,0.09532141073911671,0.0026018776011449054,0.9020767116597384,0.8067553009206216,0.3026566801938572,True,False,535.5960327994887,269.21345448347665,55.234284639926756,17.33387957786732,535.5960327994887,0.0,55.234284639926756,,483.1487080457642,25.661806271315978,508.81051431708016,49.85295052768841,1.8800000000000001,False,3078.543078450477,0.003078543078450477,0.0012506586914015343,Easy-Axis (Uniaxial),2036.8415589261385,2.0368415589261386,25.595706409441497,0.525175771458884,Soft Magnet,98.77609990255726,0.2574114049717551,824.3286791467604,1.035881969020336,164.95129171845156,20.728391053202817,2.3177437623747257,187.16218761965303,47.60265495552969,0.6952185505689144,0.06004367643270267,Soft / Non-Viable,408.0254037434711,23.615099791306815
mp-1247046,Fe(Co5N4)2,2/m,12,C2/m,monoclinic,3,"Co,Fe,N",19,168.25895056745452,7.473069980611145,1,0,0,Fe(Co5N4)2,0.0,-0.6,0.5,3.643121615547933,0,FM,0.7931877681340235,0.19524376547272757,0.011568466393249,0.7931877681340235,0.5979440026612959,0.5045447665104419,False,True,334.6360978049667,191.59325534298173,0.078809033194716,14.183271920200667,334.6360978049667,0.0,0.078809033194716,,265.4292595550003,37.407388612341535,302.8366481673419,2.769900864578422,4.257894736842105,True,1467.1898935982763,0.0014671898935982764,0.001752479240629609,Easy-Axis (Uniaxial),3240.901684937479,3.2409016849374788,40.72637248881472,0.7781669650064544,Soft Magnet,109.56458990737111,6.8563131436828115,818.7838477747459,1.02891412841885,131.10536302389744,16.475186132946604,25.628290679299813,249.07363553457725,134.24736018527324,1.300012545267821,0.041731977511786096,Soft / Non-Viable,265.3595504562655,34.93026161845038
mp-1225260,Fe4Mo2N,-42m,119,I-4m2,tetragonal,3,"Fe,Mo,N",28,323.66583026234315,8.809260165135115,0,0,0,Fe4Mo2N,0.0,-0.6,0.5,2.422546545412157,0,FM,0.8598032235112817,0.13617104625037726,0.004025730238341114,0.8598032235112817,0.7236321772609045,0.3855596907411788,True,False,435.9696400399348,240.9426905543342,44.65352672026114,0.8143890955034294,435.9696400399348,0.0,44.65352672026114,,374.8481018593891,32.80941825916458,407.6575201185537,38.39340637288697,0.09999999999999999,True,3285.838070836847,0.003285838070836847,0.001876446583810467,Easy-Axis (Uniaxial),2601.4171239571006,2.6014171239571007,32.69037233725953,0.679825409987021,Soft Magnet,91.5783839826247,2.772558914257182,806.7378100055834,1.0137766309146636,77.24151892372171,9.706455724682089,10.582351237695672,98.96095369528317,12.624851814392578,0.41072403345212416,0.06338488909079444,Soft / Non-Viable,326.28254707833196,32.67636189512402
mp-1216422,Y4Fe28BC,mmm,65,Cmmm,orthorhombic,4,"B,C,Fe,Y",68,903.4539736804696,7.139138215001904,1,0,0,Y4Fe28BC,0.0,-0.2,0.0,1.963263009125524,0,FM,0.9257022832189976,0.0723806533454907,0.0019170634355117253,0.9257022832189976,0.8533216298735069,0.24896855354792535,True,False,536.912137478455,273.6727293471289,3.970108060195912,28.481185740061832,536.912137478455,0.0,3.970108060195912,,497.0207915517981,19.808610952988836,516.8294025047869,4.21383055929859,1.2647058823529411,False,13822.496539736067,0.013822496539736067,0.004269938956222002,Easy-Axis (Uniaxial),4789.678707471683,4.789678707471683,60.1888789310804,2.7636549996138204,Soft Magnet,112.8394394983351,10.632890758096423,805.5763546819594,1.0123171031097957,56.20589106017323,7.063040714937686,5.685913016775375,249.31966690591824,5.200724781900902,0.9110139234577479,0.13019119179583843,Semi-Hard (0.1 <= kappa < 1.0),490.5292774249091,17.33938038602852
