reduced_formula,True_BH_max_log10,Predicted_BH_max_log10,True_BH_max_kJ_m3,Predicted_BH_max_kJ_m3
Pr0.333333Nd0.333333,2.55400007628106,2.4172809580877748,358.09650000000016,261.38517864317413
Ce0.5Y0.5Fe1B1,0.5135714192254516,1.8975927708294813,3.2626570000000004,78.9937572099124
La0.333333Y0.333333,1.6250634321065052,2.1370616672043825,42.175810000000006,137.10764369512458
La0.333333Y0.333333,1.469822015978163,2.1370616672043825,29.499999999999996,137.10764369512458
Ce8.4Ho3.6Fe82B6,1.7489628612561614,1.8409995376787556,56.099999999999994,69.34250678416112
La0.6Ce1.4Fe14B1,1.69317925200397,1.8019428693289197,49.33774,63.378633230165484
Fe1Co1Si0.5P0.5,2.2174839442139063,1.5890776870862446,164.99999999999997,38.82198049759244
Fe4Ni4N,2.5997575668417348,2.2505501129998784,397.8849999999999,178.0533351758437
Fe2Ni2N,2.577481172130583,2.2090119489130347,377.99075000000016,161.8124557121063
Fe2Ni2N,2.577481172130583,2.2090119489130347,377.99075000000016,161.8124557121063
Nd0.5Ho0.5Fe1B1,2.394942156524159,2.4060553054110727,248.28024000000002,254.71546003924053
La0.2Sm1.8Fe13.6Co3.4N1.9,1.4322664795479711,2.0934405250225505,27.056179999999998,124.0053792839849
La0.7Ce1.3Fe14B1,1.767665376843215,1.7513851477847624,58.568672,56.41377314448588
La0.84Ce1.56Fe14B1,1.8193420930559896,1.7295354174777482,65.969333,53.64576187174225
La0.98Ce1.82Fe14B1,1.8108781080997842,1.7291835172266798,64.696101,53.60231137512084
La1.12Ce2.08Fe14B1,1.7495922635575198,1.7165116898067028,56.181362,52.06090217286768
La1.26Ce2.34Fe14B1,1.6789388128893596,1.6747566342401166,47.746199999999995,47.288619328943746
La1.4Ce2.6Fe14B1,1.6435126938104143,1.6764433316515008,44.006080999999995,47.47263428529862
La1.4Y0.6Fe14B1,1.315760910476534,1.7493368609964732,20.690019999999997,56.14833223338148
Mn55Al45C2,2.050006675161096,0.7974542229592954,112.20357000000004,6.27269574816386
Ce0.5Nd0.5Fe1B1,2.469575774821063,2.0925700160719365,294.83278500000006,123.7570692479966
CeNdFe14B,1.5314789170422551,1.8812003558139572,34.0,76.06771239825885
NdDyFe14B,2.513217600067939,2.2719361190137493,325.99999999999994,187.04069993342847
LaNdFe14C,1.9301713401909257,1.7513853012434482,85.14739,56.413793078391045
Nd0.5Dy0.5Fe1B1,2.4373460050772464,2.3913031997863414,273.74488000000014,246.20858930624078
Pr0.5Nd0.5Fe0.5Co0.5B1,2.6989700043360187,2.293449900424557,499.99999999999994,196.5395242385529
Tb0.333333Pr0.333333,2.5145237037675874,2.4349058599306685,326.981893,272.21111842738134
Tb3Pr6.6Nd3.3Gd0.6Ho1.5Al0.99Ga0.1Fe0.73Co0.27Cu0.1B8.5,2.2833012287035497,2.2677963160224457,192.00000000000003,185.2662521477487
Pr10.72Nd5.28Fe78B6,2.466989281360629,2.243951030441318,293.08209099999993,175.36827514309942
Pr5.4Nd3.6Nb5Fe71B15,1.7909884750888159,1.7956655363130012,61.800000000000004,62.46914131901896
Pr5.4Nd3.6Nb4Fe72B15,1.8175653695597809,1.8089164897834364,65.70000000000002,64.40454105150253
Pr5.4Nd3.6Fe76B15,1.6384892569546374,1.8250356356814716,43.50000000000001,66.8398760236705
Pr5.4Nd3.6Fe86B5,2.1818435879447726,2.135276596451338,152.0,136.54524984788702
Pr2.025Nd2.475Fe77B18.5,2.021361493711566,2.01581098681937,105.04164000000003,103.70769620565966
PrNdFe14B,2.4313637641589874,2.1736266237650286,270.0,149.15115601475884
Pr5.28Nd10.72Fe78B6,2.4880494121982504,2.192673438140331,307.6446820000001,155.83802592047755
Ce3.6Nd8.4Ti5Fe77B6,1.8785111677945638,1.8427311429065996,75.59815,69.61953895486492
Nd0.7Zr0.3Ti0.5Fe8.625Co2.875N0.5,2.7489628612561616,1.9507749424279477,561.0000000000003,89.28426800634072
Nd13.6Dy2.4Fe78B6,2.4350675677107976,2.3895878485237665,272.312494,245.23804679773454
Ce0.32Nd1.28Fe12Co2B1,2.0375081296621227,2.1697419359342986,109.02048999999997,147.82297416382872
Ce0.32Nd1.28Fe12Co2B1,2.0375081296621227,2.1697419359342986,109.02048999999997,147.82297416382872
Ce0.32Nd1.28Ti0.5Fe12Co2B1,2.062155564740691,2.0840517533583296,115.38664999999997,121.35334543970633
Ce0.32Nd1.28Ti1Fe12Co2B1,2.0530759068887727,2.0575159899389766,112.99934000000005,114.16053356930924
Ce0.32Nd1.28Ti1.5Fe12Co2B1,2.021361493711566,1.9770817922153774,105.04164000000003,94.85970991245871
Ce0.32Nd1.28Ti2Fe12Co2B1,1.9500055851758977,1.9735006177285324,89.12624000000001,94.08071682138909
Ce2.4Nd9.6Ti5Fe77B6,1.8352860137492837,1.9399602771671796,68.43621999999998,87.08839307378564
Ce2.6Nd10.4Nb0.5Fe81.5B5,2.024639203472802,1.9350265766348553,105.83740999999999,86.1046442277783
Ce2.6Nd10.4Hf1Fe81B5,1.990692673945114,1.9518259320498301,97.87971000000002,89.50059696487314
Ce0.4Nd1.6Ti0.4Fe12Co1.6B1,2.1113735874108728,1.9957400824374951,129.23304800000005,99.02391269199158
Nd1.84Dy0.16Fe14B1,2.534026106056135,2.305741424127606,341.9999999999999,202.18150458249033
Nd15.2Dy0.8Fe78B6,2.4667533799523826,2.3940804637062993,292.92293699999993,247.78811033656686
La0.475Nd9.025Cr2Fe68Co10B10.5,2.1974527527672474,2.025735655408445,157.56246000000007,106.10495253149794
Nd1.94Dy0.06Fe14B1,2.530199698203082,2.299866526006123,338.99999999999994,199.46491947907248
Nd14.4Dy1.6Fe78B6,2.4572106838770016,2.4154555274247973,286.5567770000001,260.2888277050915
Pr0.666667Nd0.666667Dy0.666667Fe14B1,2.5563025007672873,2.2243500073258096,360.0,167.62932928461444
Pr15.55Nd15.55Ti0.2Ga1.4Fe66.4Co1.4Cu1.4B0.9,2.552668216112193,2.312321022376971,357.0,205.26789201372907
Pr15.55Nd15.55Ga1.4Fe66.6Co1.4Cu1.4B0.9,2.60422605308447,2.2889499369793196,401.9999999999998,194.51358443989565
Pr3.625Nd10.875Fe83B6.5,1.9509000893663873,2.2278451897690075,89.31,168.98384581495662
Pr6.375Nd2.125Ti2Fe79.5B10,2.172629169042215,2.040379773799147,148.80899,109.74374434501175
FeB,2.491852169532215,1.7915803383445694,310.3502999999999,61.88427941410721
Ce0.8Sm1.2Fe17N3,1.921148845153424,1.8635135011683277,83.39669600000002,73.03205164244655
Pr0.4Sm0.6Co7,2.1908221738682343,2.04238637159834,155.1751500000001,110.25197338787704
Sm0.6Zr0.4Fe3,1.44609467897154,1.7816884498787127,27.931526999999996,60.49067766912659
Sm0.7Zr0.3Fe3,1.4570900632730033,1.771884481453005,28.647719999999996,59.140430486171255
Ce0.4Sm1.6Fe17N3,2.3604815389836866,1.8295431524099293,229.34091400000003,67.53721570542632
Sm0.8Zr0.2Ti0.5Fe8.625Co2.875,2.7234556720351857,1.923221122572748,528.9999999999999,83.79558217033615
Sm0.8Zr0.2Fe3,1.2018175581696973,1.673853987973981,15.915400000000002,47.19043579313158
Sm0.9Zr0.1Fe3,1.0911192606760074,1.5460824960571846,12.334434999999996,35.16272272505516
Pr0.4Sm0.6Co5,1.8569559929810793,2.0442373388908335,71.93760799999998,110.72287113996568
Sm3FeCo15,2.024485667699167,1.9706169417078376,105.8,93.45809873505408
NdYFe14B,2.0180588581614805,1.950114460592804,104.24587000000004,89.1485862958246
A12MMagnetBP,2.518835659217809,1.940184891311443,330.2445500000001,87.13344624635545
AG131,1.2304489213782739,2.123777231103963,16.999999999999996,132.9772143915098
AG142,1.3424226808222062,2.051006907170326,21.999999999999996,112.46228602173854
AG153,1.462397997898956,2.082684271700453,29.0,120.97183591016035
ALVCINO,1.6414741105040995,2.4702655454275835,43.8,295.301426860116
Al4Cr,2.4258601450778405,1.4698698304614297,266.6000000000001,29.50324803782997
AlCoNiS,1.6774887464941268,1.7741681622105312,47.587045999999994,59.452231773120324
AlCoNiS2,1.9689734242518777,1.7640834569818313,93.10509000000002,58.08760318862443
AnisotropicMagnetNdFeB,2.320743310995474,2.4882793446355667,209.28751000000005,307.8076042184639
Ba0.5Sr0.5Ti0.2Fe11.6Co0.2O19,2.243210243327922,1.7608117047308676,175.06939999999994,57.65164513353844
Ba0.5Sr0.5Ti0.4Fe11.2Co0.4O19,1.8038775494976595,1.6811656220687383,63.66159999999999,47.99164341494554
Ba0.5Sr0.5Ti0.6Fe10.8Co0.6O19,1.5997575668417348,1.6413146099124458,39.78849999999999,43.783916804179306
Ba0.5Sr0.5Ti0.8Fe10.4Co0.8O19,1.3779088172253786,1.6761974629545462,23.873100000000008,47.44576603834439
Ba0.5Sr0.5Fe12O19,2.5599066250361124,1.135062851117588,362.99999999999994,13.647806334143477
Ba0.5Sr0.5Ti1Fe10Co1O19,1.6789388128893596,1.3815669308064642,47.746199999999995,24.075035201631533
Ba2FeReO6,0.5909836425342297,1.7356499887276473,3.8992730000000004,54.406399820389026
Ba1Al1.5Fe10.5O19,0.5797835966168101,1.0938201349621293,3.7999999999999994,12.411381781054383
BaFe14CoO23,0.559752405170151,1.824955707866906,3.6287111999999997,66.82757590505717
BaFe2(PO4)2,1.7137009191485717,1.7867932470890335,51.72505000000001,61.205894179887295
Ba1Mg1.8Fe16Cu0.2O27,1.510545010206612,1.0696785890064087,32.39999999999999,11.74028362939472
BaFe12O19,0.7458856025199728,1.8006938427059325,5.570389999999999,63.19661877087959
Mn0.5Bi0.5C1,2.0088449362895697,1.851546497402826,102.05750249999994,71.04712319841055
C,1.5135714192254515,2.4163675079244054,32.626569999999994,260.8359858120341
FeCoPC,2.617000341120899,1.4665709479075282,414.0000000000001,29.279991607677147
ACS,2.499578069268831,2.2434478962081625,315.92069000000004,175.1652269898137
NdFeBHCS,2.5432520827478373,2.3373983215969796,349.3430299999999,217.46948279554397
Ca0.7La0.3Zn0.25Fe11.75O19,1.4332896851950259,1.5146415396526043,27.120000000000005,32.707062410290256
Ce1Fe1.66667Co1.66667Cu1.66667,2.014730914812553,1.8971273320143074,103.45010000000003,78.90914396329909
Ce,2.5883165237203505,1.5209136010426247,387.5399900000001,33.182843672083415
MCe7BP,2.5146293843817853,2.4673901469637944,327.06147000000004,293.35273861906694
MCe7PS,2.491852169532215,2.3566298048300873,310.3502999999999,227.31589506484025
MCe6BP,2.4896192880999233,2.490127752721541,308.75876,309.1204612207473
MCe5BP,2.4654536267578053,2.4017868872968613,292.04758999999996,252.2242778667039
M2Ce5P,2.4284174633770546,2.470639229900479,268.1744899999999,295.5556254531541
LaCeFeB,1.6716395741478602,1.5938155450877,46.950430000000004,39.24782054226573
LaCeFeSiB,1.7137009191485717,1.9425091353261927,51.72505000000001,87.60101441952362
CeN28,2.3479455938479354,2.3645205398448947,222.81560000000007,231.4837663073339
CeN30,2.3779088172253786,2.387467126860309,238.73100000000005,244.0434336762831
CeN33,2.4193015023836035,2.40248046872689,262.6041,252.62740949217766
CeN35,2.4448556068559917,2.3873523687192173,278.5195,243.97895606458692
NdFeB,2.584331224367531,2.4071325956073313,384.0000000000001,255.34807936968966
PrNd,2.4090478680180505,2.504088077938852,256.47667099999995,319.21851867953086
Ce0.2Nd0.8Fe10.5Mo1.5N1,1.0768788215613974,1.5770536459664293,11.936550000000002,37.761883318540754
Ce0.2Nd0.8Fe10Mo2N1,1.1049075451616408,1.4782457376191338,12.732319999999998,30.077777174410606
Ce,2.4578818967339924,1.5209136010426247,287.00000000000006,33.182843672083415
Ce12.2Gd0.8Fe81B6,1.74277236709583,1.7263502845770926,55.306015,53.25376096537676
Ce12.5Fe81.5B6,1.6604554071953466,1.74304421761262,45.756775000000005,55.340645132328746
Ce12.8Gd0.2Fe81B6,1.759925859800247,1.7464831456415935,57.534171000000015,55.780595405610214
Ce6Fe41B3,1.6574236707515642,1.75602345928192,45.43846700000001,57.01950716719993
Ce13.5Fe80.5B6,1.7332964752119524,1.7493876259382999,54.11236,56.15489582913345
Ce13Fe79B8,2.534026106056135,1.7008117950193697,341.9999999999999,50.21249425140442
Ce13Ta0.75Fe81.25B6,1.6720978579357175,1.7679185588933715,47.00000000000001,58.60282592142847
Ce13(Fe27B2)3,1.7647049394635765,1.7377154743120355,58.170787000000004,54.665770570351356
Ce14Fe77Co2B6Mo,1.5927526652730764,1.8581811960572843,39.151883999999995,72.14084019407626
Ce14Ta0.75Fe80.25B6,1.6127838567197355,1.6448704203622913,40.99999999999999,44.14387164524394
Ce7Fe40B3,1.6657105471556046,1.668602574938887,46.313814000000015,46.623253330683326
Ce,2.3873898263387296,1.5209136010426247,244.0000000000001,33.182843672083415
Ce15Ta0.75Fe79.25B6,1.5563025007672873,1.6435469214223408,36.0,44.00954934344303
Ce15Fe79B6,1.6566624181782075,1.6422534629800718,45.35889,43.878670779472884
Ce8(Fe13B)3,1.7021912725230712,1.5228337437205617,50.37224100000001,33.329879514921906
Ce17Fe75(SiB2)3,1.4771212547196624,1.705438367589569,29.999999999999996,50.75027122445444
Ce17Ti3(Fe25B2)3,1.56354539418729,1.5418650753099665,36.605419999999995,34.82291119475444
Ce17Zr0.5Fe76Co1B6Mo0.5,1.5502283530550942,1.5396006275528678,35.50000000000001,34.64181416069811
Ce17Ta0.75Fe77.25B6,1.505149978319906,1.5782278658685942,32.00000000000001,37.864119828120984
Ce17Fe77.75Si0.25B6,1.5185139398778875,1.5479484611591598,33.0,35.314125912558005
Ce17(Fe13B)6,1.5440680443502757,1.5223147300800708,35.0,33.29007166481477
Ce2.55Fe12Co2B1.27,1.3479455938479352,1.720098337267765,22.281559999999995,52.49263058191917
Ce,2.5068836911289063,1.5209136010426247,321.27999999999986,33.182843672083415
MagnetCe21H2,1.5422616730098155,2.4815571486774526,34.85472599999999,303.0799093470696
Ce25.5Nd5,1.619455297821927,1.9976074180311914,41.63468640000001,99.4506023817087
Ce27.5Nd3,1.6027870373953528,1.9814609252163062,40.067019499999994,95.82104993407343
Ce27.5Nd3,1.9484517571072761,1.9814609252163062,88.80793200000002,95.82104993407343
Ce29.8Fe68.7Ge0.5B1,1.7187507347396653,1.607767654786953,52.330000000000005,40.529164858376305
Ce30PrCu,2.3910270477520035,2.023800144702875,246.0520840000001,105.63312907703728
Ce31.5,0.7089985354299382,2.4614396669283107,5.116801100000001,289.3607803267045
Ce35Fe63.5Ge0.5B1,1.529173603261723,1.7911761975105072,33.81999999999999,61.82671862942379
Ce3Fe12Co2B,1.4918521695322153,1.6372659155224984,31.035030000000006,43.377639539380986
Ce4NdFeB,2.5809249756756194,2.236315865117181,381.0000000000001,172.3121356388645
Ce,2.514547752660286,1.5209136010426247,326.9999999999999,33.182843672083415
Ce8NdFeB,2.552668216112193,2.2292037040525123,357.0,169.51327090804955
Ce1Fe0.6Co3.9Cu1.2,1.775848825897416,1.901100300824152,59.68275,79.6343245595349
Ce1Fe0.6Co4.4Cu0.6,1.775848825897416,1.8381215760307041,59.68275,68.8845104072825
Ce1Ti0.5Fe6Co4Cu1.5N1,2.5276299008713385,2.1214776542925744,336.99999999999994,132.27496469631805
CeFe7Co2Ni4N,2.599883072073688,2.1708645195194816,398.00000000000017,148.20556778492667
M2La7CeP,2.482850925417425,2.4464979796684463,303.9841400000001,279.57477217732236
M1.8Ce1Sm0.2Co5,2.103803720955957,2.4422075928386486,126.99999999999999,276.8264560155679
CeNdFeB,2.493297410406396,2.1402124663808078,311.3848009999999,138.10597440610292
CeNdFeB,2.474818830233435,2.1402124663808078,298.41374999999994,138.10597440610292
Fe4Co67Si17B11Mo2,1.146128035678238,1.8713224874842551,13.999999999999996,74.3571075275499
Zr9Fe3Co38,1.3764587508301458,1.507676277511362,23.793523000000008,32.18668705812539
Zr9Fe2Co39,1.4386066575789902,1.4649836439879464,27.454065,29.173171425317847
Zr13V5Co79Si2B,1.6889559336468838,1.4276575837126033,48.86027800000001,26.77056786797489
HfCo7,1.5728854204414335,1.7540616187060434,37.40119,56.76251356632265
Zr15Nb3(Co40B)2,1.4322664795479711,1.5282876916721273,27.056179999999998,33.75108134477707
Zr8Co40BMo,1.3556324225142262,1.5530026918345279,22.679445,35.72750525994574
Zr8Co40BW,1.5540000762810597,1.528907526310256,35.809650000000005,33.79928602172954
Zr9FeCo40,1.458294764411374,1.431906044581539,28.727297,27.033734520932217
Hf10.5Cr1Co86.5B2,1.575187844927661,1.642113621731341,37.599999999999994,43.86454428101736
Hf10.5Nb1Co86.5B2,1.6020599913279625,1.6346101378545952,40.00000000000001,43.11318799553939
Hf10.5Ti1Co86.5B2,1.6354837468149122,1.612105096954206,43.2,40.93597106168394
Hf10.5Zr1Co86.5B2,1.7226339225338123,1.5888967616842258,52.800000000000004,38.80581077897217
Hf11.5Co86.5B2,1.5365584425715302,1.6405412161203023,34.400000000000006,43.706015569520986
FeCoPt,2.60959440922522,2.1475124737689693,406.99999999999983,140.44700220665118
CeFeCoCu,1.869765231488437,1.822298362042707,74.09096162,66.41992212116118
TaFe6Co,2.6283889300503116,1.8227389331641468,425.00000000000006,66.48733616537437
CoNi,2.5118833609788744,2.317168900358214,325.0,207.57206237084236
CoNi,2.484299839346786,2.317168900358214,305.0,207.57206237084236
CoNi,2.3783979009481375,2.317168900358214,238.99999999999991,207.57206237084236
MnCoNiP,1.2405492482825997,1.7967462302767954,17.4,62.62478246139121
CoReNiP,1.69317925200397,1.7056615388808218,49.33774,50.776357013205946
CoNiP,0.6232492903979004,1.8373574237559125,4.199999999999999,68.76341291356331
CoPt,1.7150351582376362,2.2665883690569832,51.88420399999999,184.7516684323118
MCePH,2.4570900632730033,2.3812677864120886,286.4772,240.58457896746495
MCe40PH,2.4460946789715403,2.384458066364849,279.3152700000001,242.35839422595066
MCe45PH,2.4501587148388935,2.3874199060443138,281.94131100000016,244.01690028918935
MCe50PH,2.3886326826171516,2.4336909685652692,244.69927499999997,271.45070165061327
MCe60PH,2.2819026432155667,2.4389769870281737,191.38268500000004,274.7748547901449
GMB(PH)2,2.412537273850699,2.4689767869838404,258.5456730000001,294.42642588303374
M1Ce0.4P1H1,2.5002339382309917,2.3980467834916013,316.398152,250.06147208335403
MPH11,2.47074638060231,2.533578324793573,295.628555,341.64756109772
H2,2.5659931909403166,2.128706409629677,368.123202,134.49508372914372
H2,2.5669309897972745,2.128706409629677,368.9189720000001,134.49508372914372
Ce20Dy,2.5003462699170855,1.8348798289768915,316.4800000000001,68.37224323680591
Dy11In9Co4,2.001158107623279,1.5055249170060279,100.26701999999999,32.02763843214512
Dy3Al2,2.2188508974684775,2.431275731787971,165.52015999999998,269.94527599971536
Nd12Dy3Fe67(Co5B4)2,2.001158107623279,2.2986801390050013,100.26701999999999,198.92077336026423
Fe6Cu13,2.564488487895364,1.9773511066123548,366.84996999999987,94.9185524936924
NdDy85Al15FeB,2.5210277523515474,2.338089791882109,331.915667,217.8160067908459
NdDy95Al5FeB,2.5228979228669357,2.41890148422656,333.3480530000001,262.3623330665379
Er11In9Co4,0.2018175581696973,1.9431594340971052,1.5915400000000002,87.73228365236407
Ti1Cr0.5Co6Si0.5,1.6127838567197355,1.6107192800051393,40.99999999999999,40.80555414450635
Fe6.2,2.351036670825077,2.067434531438692,224.40713999999988,116.79776475411616
Fe9.5,2.325669199136783,2.075090840746359,211.67482,118.87508507238846
Fe3.5B1,2.425832369542561,1.9945437648164723,266.5829499999999,98.75151448204154
TbNbFeB,1.1139433523068367,1.9781211239113499,12.999999999999998,95.08699525135698
TbNbFeB,1.0644579892269186,1.9781211239113499,11.600000000000003,95.08699525135698
FePt,2.060697840353612,2.316935947493365,115.00000000000003,207.46075186058712
Fe0.6Pt0.4,1.5883165237203505,2.2925277252519507,38.75399900000001,196.1226375684758
Nd2Fe14B,2.204119982655925,2.2677727978750153,160.00000000000009,185.25621978205893
Nd2Fe14B,2.4276159236183195,2.2677727978750153,267.68000000000006,185.25621978205893
Cr12Fe25Co,1.3004612839867542,1.4459639567477924,19.973827,27.92312090226039
Cr15Fe25Co,1.0311213310007221,1.4467753082781465,10.742894999999999,27.975335801470333
Cr23Fe30Co,1.2471405369563546,1.393635403056442,17.666093999999998,24.75343096229851
Fe7P6Pt7,1.5185139398778875,1.7838490692660653,33.0,60.79236923202424
AlFe3N,1.001158107623279,2.11861400893872,10.026702,131.40564095753317
MnFe3C2,2.597695185925512,1.4779037274265394,395.9999999999999,30.054100021355598
Fe3Se4,0.9030899869919435,1.668941930110454,7.999999999999999,46.65969870576979
Fe3Sn0.75Sb0.25,2.462397997898956,1.9629848203005829,290.0,91.83004989789066
Fe24Ag3B9Pt14,1.9294189257142929,1.9998402954692436,85.00000000000003,99.9632334333789
Fe4CoSi,2.6127838567197355,2.2329065804815977,409.99999999999994,170.9647519427231
Fe56.25B25Pt18.75,2.009450895798694,1.8987139730422173,102.20000000000003,79.19795598257409
Fe14Pd11,1.9136247872108882,2.1394677283529413,81.96431,137.86935009114507
Pr3.5Dy1Zr1Fe61Co13.5B20,1.3560258571931227,1.7330219469946413,22.700000000000003,54.07816505599058
Pr4.5Zr1Fe61Co13.5B20,1.1643528557844371,1.5717645232263515,14.600000000000001,37.304783443402926
Nd10Nb4Fe61B25,1.5010592622177514,1.6981785260259583,31.699999999999996,49.90896067442338
Nd7Y3Nb3CrFe63B23,1.7403626894942439,1.7459701723734433,55.0,55.71474823675883
Fe63Pt37,2.2539341087196956,2.2840960820599636,179.44613500000006,192.35172352509528
Nd9.6Nb4Fe64.32B22.08,1.5185139398778875,1.6372823619519903,33.0,43.37928225147664
Nd9Fe65(B11Mo2)2,1.7002709373564369,1.6191607642855366,50.14999999999999,41.60645980577985
Fe66.9Pt33.1,2.3004612839867544,2.1283821230691293,199.73827000000009,134.39469408479442
Fe33Pt17,2.1195855606174536,2.27688265363489,131.699935,189.1832376488135
Nd7Zr2Nb2.5Fe67.5B21,1.6994040818153375,1.6280150575424,50.050000000000004,42.46342863022142
Nd7Nb2.5Fe69.5B21,1.5490032620257879,1.6919461889976344,35.400000000000006,49.19785735889717
Nd7Nb4Fe69SiB19,1.7267272090265722,1.6957977463511469,53.29999999999999,49.6361109151747
Fe3SiNi4,2.377670439334323,2.2940998630886327,238.59999999999988,196.83388439229878
Fe3SiNi4B,2.17868923977559,2.242342033867933,150.9,174.71976378251324
Tb0.12Nb8Fe78B14,1.209515014542631,1.2359337944844846,16.200000000000003,17.216061067466825
Tb0.12Nb6Fe80B14,1.0863598306747482,1.1943913079904143,12.2,15.645567045458439
Tb0.12Nb4Fe82B14,1.1238516409670858,1.1724532151027152,13.299999999999999,14.874871241021578
Tb0.12Nb2Fe84B14,1.1367205671564067,1.4433385945161583,13.699999999999996,27.754831464762173
FeCoPt,2.363185560404672,2.1475124737689693,230.77329999999998,140.44700220665118
ANdFeBP,2.5314789170422554,2.272430785483174,340.00000000000017,187.25386284199746
NdFeBPI,2.6020599913279625,2.058692718557737,400.00000000000006,114.4702729970866
NdFeBH,2.3710678622717363,2.4123032583997497,235.0,258.4063956506688
NdFeBPH,2.5854607295085006,2.4287796023829227,384.99999999999994,268.39820213329074
NdVFeB,2.3710678622717363,2.2057265859863535,235.0,160.59299070174947
FeNi,2.6502103546603593,2.2849969547643347,446.9000000000001,192.751139759892
FePt,2.6866362692622934,2.316935947493365,486.0,207.46075186058712
FeAg7BPt,2.0433622780211294,1.9210654901796382,110.49999999999996,83.38069104798929
FeAg10BPt,1.92272545799326,2.0962443931110437,83.7,124.80856593128874
FeBPt,1.8501775691506288,2.010006326767649,70.82352999999999,102.33078996406826
RibbonFeBPt,2.046915598183954,2.394628710736356,111.40780000000002,248.10111196171528
FePtI,1.7008169217498503,1.8957205383617022,50.213086999999994,78.65395010746924
FePtI2,1.9390102008744345,1.6952543945808927,86.89808400000001,49.57404932861262
FePtI3,1.7816011547865074,1.8176299088351069,60.478519999999996,65.70976421678276
FePtC,2.046915598183954,1.929339255795582,111.40780000000002,84.9844084549424
Cr15Fe28Co3.5Mo1,1.6354837468149122,1.3126949092604894,43.2,20.544468453836764
Ti1Cr15Fe28Co3.5Mo0.89,1.3479455938479352,1.6202839910286866,22.281559999999995,41.71420691384619
Cr15Fe28Co3.5Si1Mo0.91,1.3321513266647034,1.4847770282475923,21.48579,30.533530843447213
V1Cr15Fe28Co3.5Mo0.93,1.2809988042173222,1.6099509420145086,19.098480000000002,40.733426265111376
Ti1Cr15Fe28Co3.5Mo1.83,1.7201593034059568,1.6091993322104052,52.499999999999986,40.662992108855356
Ti1Cr15Fe28Co3.5Mo1.8,1.7201593034059568,1.5711668604308473,52.499999999999986,37.25348104881976
Cr16Fe30Co,1.575187844927661,1.236040889147163,37.599999999999994,17.22030697819642
CrFeCo,1.4638929889859074,1.651420759663108,29.100000000000005,44.814727465211355
A4G,1.7242758696007892,2.082684271700453,53.000000000000014,120.97183591016035
A40G,1.9731278535996988,2.051006907170326,94.00000000000003,112.46228602173854
A40G,1.8808135922807914,2.051006907170326,76.0,112.46228602173854
AGB(PH)2,2.489283363512926,2.3700320372042283,308.52002899999985,234.44017516813278
GRdopedNdFeBPN,2.4847793617040326,2.167871174573346,305.3369490000001,147.1875832924498
RNdFeBH3,2.285557309007774,2.1574627884090747,193.00000000000006,143.70199201124598
H2F,2.535567020651668,2.203257498407937,343.21560100000005,159.68256436934573
GH2,2.4231013576623837,2.3907601607213715,264.9118330000001,245.90092403957556
EMPH,2.4448556068559917,2.4217777407921757,278.5195,264.1056795816896
Hf2Co11,1.4563660331290431,1.7589960284681139,28.600000000000005,57.411121205678356
Ho11In9Co4,1.3321513266647034,1.9313214881626928,21.48579,85.37318584590507
Ho2Fe14B,1.5634810853944108,2.0220196873920986,36.60000000000001,105.20095623299237
GBPHIF,2.588583973887011,2.514284247790329,387.77872100000025,326.8016554180606
GBPH2I,2.5931056067649947,2.515171637544668,391.83714799999996,327.4700887790023
L10CoPt,2.0,2.4905961678753394,100.0,309.4540478281955
L10Fe1Ni1Pt12.5,2.7209857441537393,2.551991655213699,526.0000000000002,356.4442844330325
L10Fe1Ni1Pt8.3,2.7331972651065692,2.588610845202833,540.9999999999997,387.8027149655852
L10FeNi,2.667452952889954,2.2072365572854973,465.00000000000006,161.15231820061985
L10Mn1.8Ga1,1.0530759068887725,2.1715436447176435,11.299933999999999,148.4375045843206
LMnBiPH,2.1129751669096737,2.393444008708595,129.71050999999994,247.42524484832998
La1Ce0.5Pr1Nd1,1.7700192822366922,2.0180754905942804,58.88698,104.24986244222875
MLaCe8BP,2.5065050324048723,2.4967159300251316,321.00000000000017,313.8455173605105
GLaBPH,2.4862482920142166,2.5081903134126633,306.3714499999999,322.2480614261286
GRLaB,2.430987260708798,2.330581690733948,269.76602999999994,214.0827578282178
M2LaP,2.4862482920142166,2.2586209139346094,306.3714499999999,181.3931630665907
MLaCeBP,2.5185139398778875,2.460707304982795,330.0,288.87323500236533
MLaCePS,2.48572142648158,2.413834328574033,306.00000000000006,259.31899426176204
LaCeYFeB,1.3364597338485296,1.7157931403806403,21.700000000000003,51.97483752421195
LaFe3(CoN)2,2.037426497940624,1.4792337273523122,109.00000000000004,30.14627991496199
GradeLowNdFeB,2.575187844927661,2.3620115271164766,375.99999999999983,230.15029034712384
LowNdFeBC,1.7091002815511667,2.44656607259346,51.18,279.61861007367423
LowNdFeCuB,2.3242824552976926,2.3150299480027905,210.99999999999997,206.55225848441808
LowemperaturephaseMnBi,1.662757831681574,2.2446686335119326,46.00000000000001,175.65828306309476
Lu6Fe41B3,1.8356905714924256,1.6975880175959732,68.5,49.84114577907902
Lu7Fe40B3,1.7151673578484579,1.7299815122965512,51.9,53.700893567621854
MH2,2.4755131460997895,2.452762062360968,298.89121200000005,283.63646388723964
MH2C3,2.485344923031391,2.443504744927245,305.734834,277.65451813583337
M(HC)3,2.4745871447214567,2.4291198525116764,298.254596,268.60856240615146
M2FeB,2.2057087244066076,2.019714055687496,160.58638599999992,104.64393338978269
M11Fe84.5B5.5,1.8367983582209257,1.9293243775102167,68.67495100000001,84.98149706491809
M12.5Fe82.5B6,1.928951981930186,1.9131503423131435,84.90865899999999,81.87481700231588
M12Fe83.5B5.5,1.8607824008341323,1.9138755571699164,72.57422400000002,82.01165143041237
M13.5Fe81.5B6,1.9770638179099338,1.9131173996653938,94.85578400000003,81.86860676691946
M13Fe80(CoB3)2,1.7056082412268783,1.9907869246567989,50.77012599999998,97.90095418756201
M13(Fe41B3)2,1.9362173006902643,1.9203927394190292,86.341045,83.25162885377493
M14.5Fe83.5B6.5,1.859498558187776,1.8836646348286714,72.36,76.50056361766845
M14Fe79B8,1.9763345238982468,1.9486816821761814,94.69663,88.85496132426907
M14Fe80.5B6.5,2.0059569905050476,1.9255959501239506,101.38109799999998,84.25505183643939
M14Fe80B7,1.9763345238982468,1.9892083162248881,94.69663,97.54574191155672
M14(Fe27B2)3,1.9871473931804644,1.9134749341784907,97.08394000000003,81.93603314614712
M15.5Fe82.5B6.5,1.8498491956052578,1.8515381181594117,70.77,71.04575243405372
M15(Fe39B4)2,1.9342113179926659,1.9600356465469835,85.94316000000002,91.20856995552096
M15Fe79B7,1.9963056048288668,1.9405876417114123,99.15294199999997,87.21428841424137
M15(Fe40B3)2,1.9763345238982468,1.9226899333560388,94.69663,83.69315374555215
M15Fe83B6.5,1.8163075994319398,1.8752109802868535,65.50999999999999,75.02585964893967
M16.5Fe81.5B6.5,1.8313577854420675,1.8545302444300478,67.82,71.53692109199203
M16Fe77.5B7.5,1.9519400849530975,1.923915872202174,89.52412500000003,83.92973892880785
M16Fe77.6Cu0.4B7,1.8393072876822079,1.9295180704886352,69.07283599999998,85.01940680385154
M16Fe78B7,1.8655184835593455,1.9744130233169974,73.369994,94.27857796993696
M16Fe82B6.5,1.8247114434647345,1.862223411587954,66.79000000000002,72.81542883882629
M17Fe76(CoB3)2,1.949617649034066,1.9484845195596494,89.04666299999997,88.81463177518233
M17(Fe13B)6,1.8964227571032661,1.9471186515075338,78.78123000000002,88.53574610474114
M21Fe72(CoB3)2,1.9081085154284607,1.8802584302197463,80.929809,75.90291066891685
M3Fe14B,1.9763499790032735,1.9435400958149387,94.70000000000002,87.80921523568385
M2Ce45P,2.4675784748873077,2.3949762798000647,293.47997599999997,248.2997485784611
M2P,2.57930594154583,2.344704280000819,379.58229,221.1588281071146
M2Dy3P,2.540274051774302,2.393082147403344,346.9557199999998,247.21917192846456
GM2BP2H,2.4623659308066768,2.4808852442103055,289.97858800000006,302.6113717380787
M2LaP,2.477128912711509,2.2586209139346094,300.00529000000006,181.3931630665907
AM2MagnetLaP,2.4961735433148577,2.284161795443802,313.45380299999994,192.38083059300558
M2MagnetLaBP,2.4519935062536224,2.3832935922690472,283.13496600000013,241.709428919642
M2NdDyFeBP,2.544564097496043,2.391457405898869,350.3999999999999,246.29602677622344
M0.325Nd0.325,2.482964600194125,2.3235985012686036,304.06371700000005,210.6679655666868
AM2MagnetLaCe35P,2.474818830233435,2.4092658046740545,298.41374999999994,256.60540783045576
M2MagnetLaCe35BP,2.4479466838331336,2.439699205100758,280.50892500000003,275.2321768876337
M2MagnetLaCe35PC,2.4621275039646173,2.4137345676471598,289.81943400000006,259.25943344930283
AMQ,2.480571159122526,2.082684271700453,302.3925999999999,120.97183591016035
MQBP,1.4448556068559917,2.2659018733288248,27.85195,184.45985942431633
MQPS,1.568201724066995,2.0764532567861655,36.99999999999999,119.24859114187505
MQUF,2.568201724066995,2.3862581459859205,370.0,243.36501484264787
M1R1E11Zr1.5Fe79.5B8,2.03342375548695,2.0637651852915777,108.00000000000003,115.81509967779687
MagTbH2,2.6185412557164316,2.392416431188038,415.47151699999995,246.84050780834195
JMMagTb,2.6033042599438665,2.3796124281494766,401.14765699999987,239.6693114286691
MagTbCS,2.5941627135309013,2.342371645520304,392.792072,219.9741486313844
AMagnet,2.4782793623429415,2.123777231103963,300.80106000000006,132.9772143915098
MagnetB,2.4386066575789904,2.2523636423686297,274.54065000000014,178.7984058585558
AMagnet,2.4255730118269385,2.123777231103963,266.42379600000004,132.9772143915098
MagnetB,2.367210284939508,2.2523636423686297,232.92187900000002,178.7984058585558
MeltspunNdFeB,2.0827853703164503,2.4932513709571746,121.00000000000006,311.3517929248779
Mg0.1Mn0.4Zn0.5Fe2O4,2.0375081296621227,1.837535916031281,109.02048999999997,68.79168004820207
Mg0.2Mn0.3Zn0.5Fe2O4,2.0375081296621227,2.001094712824123,109.02048999999997,100.25238489880995
Mg0.3Mn0.2Zn0.5Fe2O4,2.043802362759811,1.9112286028420304,110.61202999999996,81.51332389082627
Mg0.4Mn0.1Zn0.5Fe2O4,2.031121331000722,1.9286439408319962,107.42894999999999,84.84845541932155
MetalMischFeB,1.8302064882200089,2.2953880735571595,67.64045,197.41860263051032
Mischmetal1M942.4Nd2128Al0.4Fe68.2Cu0.2B0.8,2.3820170425748683,2.2838222231560366,240.99999999999997,192.23046795044942
MischmetalFeB,1.8862086241674976,2.2590417408646593,76.95,181.56901638054492
MischmetalFeB,1.3617278360175928,2.2590417408646593,23.0,181.56901638054492
MischmetalAlFeB,1.3521825181113625,1.8100035675613921,22.499999999999996,64.56595328565022
Mischmetalbased,2.4633183313679776,2.02223559919047,290.6152040000002,105.25327044778787
Mix,1.1643528557844371,2.123777231103963,14.600000000000001,132.9772143915098
MnAl,0.26717172840301384,1.5148587793008341,1.85,32.723426993306454
MnAlC,1.1613680022349748,1.7911324352613613,14.499999999999998,61.82048889346961
Mn0.55Al0.45Co0.02,0.414973347970818,0.9252547833403364,2.6,8.418888996093601
Mn0.55Al0.45Co0.03,0.7923916894982539,0.5936017350641829,6.2,3.922850297672276
Mn0.55Bi0.45,1.9260934277704862,1.8397585126698648,84.35161999999998,69.14463886116518
Mn0.55Bi0.45Mo1,1.8964227571032661,1.792409497514602,78.78123000000002,62.0025423294478
Mn0.55Bi0.45Mo2,1.8830587955452844,1.8800233940699536,76.39392,75.86184383041498
Mn0.55Bi0.45Mo3,1.8692705110596513,1.8522042632851012,74.00661000000001,71.15480999396634
Mn0.55Bi0.45Mo4,1.7984146537961576,1.8992375292003723,62.865830000000024,79.29348927344792
Sm0.2Mn0.5Zn0.5Fe1.8O4,0.13123648388399,1.9038477998114685,1.3528090000000002,80.13971614201022
Mn1.08Bi1,1.6283288195342724,2.03648369563814,42.494118,108.76363046259821
Mn2.9Ga1,1.187520720836463,1.4194487197941164,15.400000000000002,26.269313278862914
Mn48.835Al48.835C2.33,2.156060067609022,0.817896452315123,143.23859999999996,6.575010524280129
Mg3Mn50In0.5Bi45Sb1.5,1.9652455517326346,1.8971085276449884,92.30932000000003,78.90572737703341
Mg3Mn50In0.5Bi46Sb0.5,1.979968808553341,1.8863753534256338,95.4924,76.97954741540593
Mn51Al47C2,0.5240368529036165,1.1275106372183716,3.3422339999999995,13.412527864422893
Mn52.2Al45.8C2,0.6989700043360189,0.9890579121717998,5.0,9.751196590153304
Mn52.3Al45Cr1C1.7,0.7396366532429713,0.9476313378051582,5.490812999999999,8.864032460729767
Ti0.5Mn52.8Al45C1.7,0.8095597146352678,0.9572281893029307,6.45,9.06208620755736
Mn53.3Al45C1.7,0.5899496013257077,0.7470514665538613,3.89,5.5853638079423105
Mn54.2Al43.8C2,0.8920946026904804,1.4529243179788818,7.8,28.37424523575195
Mn54.45Al44.55B1,1.64115025199996,0.7953831612268409,43.76735,6.242853754317438
Mn27Al23,1.5240368529036166,1.496219225884944,33.42234,31.3486776314331
Mn27SnBi22,1.64115025199996,1.706993734705573,43.76735,50.932352331278935
Mn55(Al4Ga)9,2.0492180226701815,1.091527408951472,111.99999999999996,12.34603230303484
Mn55Al44C,0.4471580313422192,1.2441141657069374,2.8,17.54341615984996
Mn11Al9,0.6020599913279624,1.4789885195845112,4.0,30.129263775286596
Mg4Mn55Bi41,1.8830587955452844,1.9056278381449008,76.39392,80.46885803812509
Mg3Mn55Bi42,1.9051089362883586,1.9012912310651493,80.37277,79.66934214351637
Mn55Bi43.5Sb1.5,1.4448556068559917,1.8268153809580276,27.85195,67.1143488471598
Mg2Mn55Bi43,1.9461105412923734,1.8461939969929522,88.33046999999998,70.17687046959655
Mg(Mn5Bi4)11,1.9301713401909257,1.8193508540014915,85.14739,65.9706638010689
Mn11Bi9,1.9219768615756543,1.8319381894127278,83.55585000000004,67.91069724251345
Mn16Ga9,1.0530784434834197,1.4557093104480738,11.299999999999999,28.55678491043121
MnAlNiC,1.6532125137753437,1.7361228239670248,45.0,54.465666685025376
MnAlC,0.8260748027008264,1.7911324352613613,6.7,61.82048889346961
GMnBi2BP,1.8302064882200089,2.047858437511991,67.64045,111.64992547264742
MnBiSb,1.7514337976887826,1.8687636139495425,56.420093,73.92028181879768
MnBi,2.2355284469075487,1.7097110305093444,171.99999999999991,51.25202514069967
Dy0.1Mn1Bi1,1.8452702346558847,1.8731507981817255,70.02776,74.67079895651305
MgMnBiSb,1.9461105412923734,1.8705740852376043,88.33046999999998,74.22908125204032
Sm0.1Mn1Bi1,1.8452702346558847,1.90361625193483,70.02776,80.09700034417139
N2,2.5979144712025284,2.0663168319417062,396.2000000000001,116.4975607049549
N2,2.515741416669365,2.0663168319417062,327.8999999999998,116.4975607049549
N2,2.4520932490177314,2.0663168319417062,283.2,116.4975607049549
MagnetNdUFeBHN33,2.384089514863883,2.2483872901944286,242.1528109999999,177.1688190005198
N2,2.4448556068559917,2.0663168319417062,278.5195,116.4975607049549
DyAlN42,2.4628423921620946,2.318271350692762,290.29689599999995,208.09965043822893
N2,2.55206557650386,2.0663168319417062,356.5049599999999,116.4975607049549
AEMX9HSNO,2.503790683057181,2.4717723340341253,318.9999999999999,296.3277572151683
GBPHNF,2.5978424547782906,2.4757229031516275,396.1343060000001,299.0356063791899
GBPH2N,2.593370124780625,2.4564214363321204,392.075879,286.0364875159174
Nd1Fe12Mo12N1.52,2.1583624920952498,1.6923010457061554,144.00000000000003,49.23807275383325
CeNdFeB,2.4709981696608736,2.1402124663808078,295.79999999999995,138.10597440610292
CeNdFeB,2.5874238317680094,2.1402124663808078,386.74422,138.10597440610292
M2CeNdFeBP,2.430987260708798,2.4981344654674302,269.76602999999994,314.87230651005586
CeNdFeB,2.5050136155901863,2.1402124663808078,319.8995400000001,138.10597440610292
NdDyNbFeB,2.45484486000851,2.226857657855048,285.0,168.60003399463824
AnisotropicNdFeB,2.5514499979728753,2.309699879621457,356.0000000000001,204.03274835379182
NdFeB,2.4616502572331806,2.4071325956073313,289.5011259999999,255.34807936968966
NdFeB,1.9395192526186185,2.4071325956073313,86.99999999999999,255.34807936968966
NdFeB,2.0043213737826426,2.4071325956073313,101.00000000000001,255.34807936968966
LRNdFeBP2H3,2.492408600719035,2.287448911821543,310.748185,193.84245961985926
NdFeB,2.6049816296074315,2.4071325956073313,402.69999999999993,255.34807936968966
MQNdFeBPS,1.792391689498254,2.3218948640439576,62.00000000000001,209.84318243416135
NdFeB,2.5359267413955693,2.4071325956073313,343.5,255.34807936968966
NdFe2,1.841359470454855,2.2880939127623803,69.40000000000002,194.13056242644492
NdFe2B5,1.7972675408307164,2.0462881566199655,62.699999999999996,111.2469611762255
NdFe2B,1.8825245379548805,2.0580313998161794,76.3,114.29609687362135
NdSmFe2BN,1.9538660059891357,2.338695115485704,89.92200999999999,218.11981239888783
RNdFeBH3,2.2589723311093857,2.1574627884090747,181.53999999999996,143.70199201124598
NdFeB,2.5679602349845845,2.4071325956073313,369.79431900000003,255.34807936968966
AMagnetMethodNdFeBH,2.564111496133928,2.3311058892921777,366.53166199999987,214.34131424901813
AMagnetNdFeB,2.403120521175818,2.4390877012193464,253.00000000000006,274.8449117562264
MagnetNdFeB2,2.403120521175818,2.223576535036638,253.00000000000006,167.3310495305564
MagnetNdFeBC,2.41161970596323,2.44656607259346,257.99999999999994,279.61861007367423
NdFeCuB,2.361727836017593,2.444018038227188,230.00000000000009,277.9828724305109
NdTiFeBC,1.9912260756924949,2.0108894579584957,98.0,102.53908977681971
NdFeCoB,2.155336037465062,2.210518293444812,143.00000000000003,162.37467448487396
NdFeCoCuB,2.449790824531504,2.1035263872061254,281.7025800000002,126.91892565028446
NdNbFeCoB,2.3223914893755473,2.183617110761574,210.0832800000001,152.6219895954988
LaCeNdFeB,2.520611062962994,2.059424336796413,331.597359,114.66327365581445
PrNdGaFeCoB,2.1271047983648077,2.3121498877107705,134.0,205.18702169800275
NdFeB,2.4753975038459033,2.4071325956073313,298.811635,255.34807936968966
La0.25Ce0.25Nd0.5Fe77Co1B6,1.9530966621530395,1.9882763800751673,89.76285599999997,97.33664660793043
La0.3Ce0.2Nd0.5Fe14B1,1.9942092476679512,1.9381332589727476,98.67548000000001,86.72279352645916
Ce0.5Nd0.5Fe13Co1B1,2.065140418290153,2.0228139275658155,116.18242,105.39352436038303
La0.5Nd0.5Fe14B1,1.9093877342676335,1.9546841696743837,81.16853999999998,90.09157297975646
La0.4Nd0.6Fe81B6,2.0,2.0913379619079677,100.0,123.4064791674594
La0.7Ce0.15,2.4166614062173952,1.9773034657349362,261.01256000000006,94.90814076778727
Ce0.3Nd0.7Ga0.6Fe73.6Co6.6B5.6,2.230448921378274,1.9731677297932035,170.00000000000006,94.00863131915118
Ce0.2Nd0.8Zr1Cr0.1Fe12Co1.9B0.5C1,2.172629169042215,2.0827453315966533,148.80899,120.98884521452106
Ce0.2Nd0.8Zr1Mn0.1Fe12Co1.9B0.5C1,2.120895650545771,2.061343524605252,132.09781999999996,115.17110259852232
Ce0.2Nd0.8Zr1Fe12Co1.9Ni0.1B0.5C1,2.014730914812553,2.0778835288160025,103.45010000000003,119.64196267055924
Ce0.2Nd0.8Zr1V0.1Fe12Co1.9B0.5C1,1.9538660059891357,2.0817200262653386,89.92200999999999,120.7035452720502
Ce0.2Nd0.8Fe12Co2B1,2.104907545161641,2.099306834437881,127.32320000000007,125.69176779960212
Ce0.2Nd0.8Zr1Fe12Co2B0.5C1,2.110302577048347,2.0432669900131737,128.91473999999994,110.47575799304548
Ce0.2Nd0.8Ti7Fe75B6,1.7700192822366922,1.8724873944993496,58.88698,74.55682314184429
Ce0.2Nd0.8Ti5Fe77B6,1.8352860137492837,1.8981909241943353,68.43621999999998,79.10263019251707
Pr0.2Nd0.8Fe12Co2B1,2.1760912590556813,2.1186371496583396,150.00000000000003,131.4126428933964
La0.05Nd0.95Fe82B6,2.1789769472931693,1.999661860269541,150.99999999999991,99.92217075241244
La0.1Nd0.9Fe81B6,1.9867717342662448,2.111845600696155,96.99999999999999,129.37358139128787
Nd1.9Hf0.1Fe12Co2B1,2.7001281119592977,2.437874532505461,501.33509999999995,274.07822466929406
Nd1.9Ti0.1Fe12Co2B1,2.7001281119592977,2.2558817787562733,501.33509999999995,180.252700013096
Ce19.6Nd10.1Fe69.3B1.1,1.9421802476639412,1.7373217575198887,87.5347,54.61623487571366
Pr2.56Nd10.23Fe68.32Co13.08B5.81,2.05307844348342,2.2012329960828767,113.00000000000006,158.93992219491858
Pr2.56Nd10.23Nb0.5Fe68.32Co13.08B5.81,2.089905111439398,2.1267744703543796,123.00000000000004,133.8981172321042
Pr2.56Nd10.23Nb1Fe68.32Co13.08B5.81,2.113943352306837,2.1267610791324887,130.00000000000006,133.893988623914
Pr2.56Nd10.23Nb2Fe68.32Co13.08B5.81,2.1398790864012365,2.117687227444424,137.99999999999997,131.12552119943425
Pr2.56Nd10.23Nb3Fe68.32Co13.08B5.81,2.130333768495006,2.1130186157473316,135.0,129.72348749119573
Tb0.75Nd10.8Dy0.75Zr0.8Nb0.8Fe67.7Co12Cu0.4B6,2.190611797813605,2.2841256493281286,155.10000000000002,192.36481949760315
Nd5Fe28B3W14,1.1139433523068367,1.9379228845856538,12.999999999999998,86.68079475096178
Nd5Ti6Fe38B,1.9576924138421887,1.824814236945793,90.71778000000002,66.80581044535292
Nd5Ti5(Fe19B)2,1.7872782876781979,1.963794929860669,61.274289999999986,92.00150459368211
Nd10Fe82BC7,0.8038775494976597,1.7070762945364863,6.36616,50.94203554458531
Nd5Fe41BC3,1.5342560180853027,1.4592614507901753,34.21811,28.79131166618288
Nd10Fe82B3C5,1.6566624181782075,1.5535368117049182,45.35889,35.771471993626996
Nd5Fe41(BC)2,1.8038775494976595,1.7324160060096416,63.66159999999999,54.00276615268744
Nd5Fe41B3C,2.0826311504504886,1.9606980416508548,120.95704,91.34778933335117
Nd5Fe41B4,2.0797645097988857,2.0826244041862947,120.16127000000006,120.95516108639617
Nd5(Fe14B)3,1.9030899869919435,2.11045008281609,79.99999999999999,128.95853262951638
MagnetNd11Zr83Fe83Co83B6,1.99563519459755,2.0867344877755825,98.99999999999999,122.1052923526203
Nd11.7Fe82.1B6.2,2.4085791254086675,2.3410989426313664,256.2,219.3304565476641
Nd11Dy0.5Nb2Fe80.4B6.1,2.164352855784437,2.3284490474505417,146.0,213.03406158214204
Nd12.2Fe81.8B6,2.5342560180853027,2.254942745693811,342.1811000000001,179.86337803692672
Nd12.7Dy0.3Zr0.1Ga0.4Fe64.3Co16B6.2,2.361727836017593,2.2629153123620123,230.00000000000009,183.19571549906902
Nd13Zr0.09Ga0.5Fe64.36Co16B6.5,2.322219294733919,2.2740069053521417,209.99999999999991,187.9346698480605
Nd13.34Ga0.42Fe74.74Co5.5B6,2.4075630991123593,2.2453537170592632,255.60132399999998,175.9355962021228
Nd13.5Fe72Co8B6.5,2.155336037465062,2.287658307948774,143.00000000000003,193.93594376218948
Nd13.5Fe79.5B7,2.334453751150931,2.24383050793185,216.00000000000009,175.31961486069517
Nd13Dy2Fe67Co10(BC3)2,2.059150054600966,2.2060924660575356,114.59088000000001,160.7283424851638
Nd14.5Dy1.5Nb1Fe76B7,2.3961993470957363,2.0741273590165266,249.0,118.61165317414232
Nd15Dy1.2Al0.8Fe1B6,2.2833012287035497,2.38452455709368,192.00000000000003,242.3955022726354
Nd15Fe77B8,1.9493900066449128,2.3173265877100384,89.0,207.6474430931995
Nd16Al1Cr2Fe63.4Co11.6B6,2.255272505103306,2.170221499362814,179.99999999999997,147.9862957107794
Nd16Zr0.5Fe65.9Co11.6B6,2.255272505103306,2.1612014503035715,179.99999999999997,144.94440316217836
Nd16Cr0.25Fe66.15Co11.6B6,2.255272505103306,2.1662324036933676,179.99999999999997,146.63323083937357
Nd16Hf0.2Fe75.8B8,1.9890046156985368,2.1235377548420424,97.5,132.90390904387655
Nd16Hf0.1Fe75.9B8,1.9890046156985368,2.1285556727624284,97.5,134.44841067537982
Nd8Fe38B3,1.954242509439325,2.3670391381466738,90.00000000000001,232.83010721727283
Nd4Fe19B2,2.4727564493172123,2.0549428070539957,296.99999999999994,113.48613540953619
Nd8(Fe13B)3,2.498921208318954,2.2287579082009605,315.44322800000003,169.33935771186944
M1.5Ce10.9Nd19.1Fe67.5B1,2.45101591556081,2.2646916421166274,282.4983500000001,183.946547992691
Nd2Fe7Co7C,1.990692673945114,2.004501853970972,97.87971000000002,101.04198139263433
M7Nd2Fe7B,1.9405981166540665,1.9511272254284373,87.216392,89.35672135644624
Nd2Fe10.64Co3.36B1,2.0791812460476247,2.3065065133394125,119.99999999999996,202.53799822704136
Nd2Fe12.32Co1.68B1,2.245018870737753,2.40489817704954,175.79999999999993,254.0377029065391
Nd2Fe11.2Co2.8B1,2.6020599913279625,2.17009794016965,400.00000000000006,147.94419877608595
Nd27Dy4Ga0.5Fe1Co2B1,2.5017604581924644,2.380843157127079,317.5122300000001,240.34946354365832
M0.6Nd28.5Dy3Fe1Co12B155.9,2.5119796233741503,2.4059233859430016,325.07204499999995,254.63810049053743
M0.6Nd28.5Dy3Fe1Co6B161.9,2.511021737840105,2.440167279220576,324.3558520000001,275.5289766720768
Nd2Co14B,1.64115025199996,1.8155841418558003,43.76735,65.40096280302313
Nd2Fe15B,2.0791812460476247,2.2914293156866608,119.99999999999996,195.6272345696926
FeB7,1.8305886686851442,2.1639455179316096,67.69999999999999,145.86312640907332
FeB7,2.334453751150931,2.1639455179316096,216.00000000000009,145.86312640907332
Nd2Fe14B,2.5314789170422554,2.2677727978750153,340.00000000000017,185.25621978205893
NdFe41B3,2.0791812460476247,1.982060778988513,119.99999999999996,95.95349078719256
Nd3.4Dy1Zr0.2Cr2.4Fe71.7Co2.4Cu0.4B18.5,2.0211892990699383,2.0049155917093997,105.00000000000004,101.13828655419421
Nd3.5Dy1Nb0.5Cr2.4Fe71.3Co2.4Cu0.4B18.5,2.0,2.0007216808723722,100.0,100.16631130596981
Nd3DyFe66(CoB2)10,1.8692317197309762,1.820336323354006,74.0,66.12052958614154
Pr3Nd3TiNb3Fe67Co3B20,1.9258275746247424,1.640169046424043,84.30000000000001,43.668577638370635
Nd4.5Nb0.5Cr2Fe72.3Co2Cu0.2B18.5,2.089905111439398,2.0255893085521386,123.00000000000004,106.06920372307721
Nd4.5Nb1Cr0.5Fe73.8Co1.5Cu0.2B18.5,2.1388336656345115,2.0412597508264705,137.66821,109.96633496540103
Nd4.5Fe77B18.5,2.1149444157125847,1.9555271706154915,130.3,90.26661788964624
Nd2(Fe13B3)3,1.9777236052888478,1.9943875660128199,95.00000000000001,98.71600379624186
Nd5Y4Fe64B23Mo4,1.75815462196739,1.7584468065820933,57.300000000000004,57.33856326129959
Nd6NbFe86CuB6,2.011377272804965,2.026335971732988,102.65432999999994,106.25172063763671
Nd3Fe44B3,1.8830587955452844,2.0423344547464457,76.39392,110.2387943273606
Nd7.5Ti4Fe75.5B12C1,2.0791812460476247,1.919808566092283,119.99999999999996,83.13972163626217
Nd7.5Y2.7Nb3.1Fe62Cu2.4B22.3,1.7535830588929067,1.6810181144601635,56.70000000000001,47.97534587773695
Nd14(GaCu)3,2.1760912590556813,2.424597833066834,150.00000000000003,265.82623060996883
Nd7Cu3,2.41161970596323,2.4321040109434304,257.99999999999994,270.4606023594885
Nd7ZrFe67B22Mo3,1.6946051989335686,1.634537422208327,49.499999999999986,43.10596998789705
Nd7Ti4Fe75B14,1.7168377232995244,1.6775770977759121,52.099999999999994,47.59672791947211
Nd7Fe77(B7Mo)2,0.9122220565324155,1.862510914356593,8.17,72.8636485817736
Nd7Zr2Fe79B12,1.9382140604463396,1.8213809483822012,86.73892999999998,66.27976323831105
Nd7Y2.5Nb3Fe64.5B23,1.7543483357110188,1.7469886791520675,56.79999999999999,55.84556371635469
Nd7Y6Fe61(B11Mo2)2,1.6646419755561255,1.7248135853188753,46.2,53.065661859201015
Nd8.4Fe85.5B4.5Mo1.1,1.9493900066449128,2.1623231013343127,89.0,145.31923445858743
Nd8.5Ti3Fe73.5B15,1.6566624181782075,1.7425618837303274,45.35889,55.27921711015369
Nd4Nb2Fe37B7,1.8221680793680175,1.868099273327211,66.4,73.8072923456315
Nd4Ti2Fe37B7,2.0253058652647704,1.8818887934183421,106.00000000000004,76.18838950615061
Nd8Ti3Fe74B15,1.5135714192254515,1.7323406304332285,32.626569999999994,53.99339431725712
Nd8NbFe85B6,2.0654377784400126,2.0372420046002393,116.26199699999995,108.95370536787443
Nd8YZr2Ti2(Fe24B5)3,1.9934362304976116,1.8022406546260799,98.49999999999999,63.42210533919407
Nd9.3Ti3Cr1Fe71.7B14.6C0.4,1.9084850188786497,1.7992936192858984,81.0,62.993192543431185
Nd9.5Fe0.75Co0.1B5.5,2.2676409823459154,2.2657367336949994,185.19999999999996,184.38973225449186
Nd9.5Zr83.8Ga0.2Fe83.8Co83.8B6.5,1.9446307018562783,1.8717100930553394,88.03,74.42350048337755
Nd9.5Zr0.5Nb2.5Fe50Co20B15,1.5540000762810597,1.7156758441764646,35.809650000000005,51.96080182216207
Nd9.5Zr0.5Nb2.5Fe60Co10B15,1.7137009191485717,1.700106916115512,51.72505000000001,50.1310632820233
Nd9.5Nb6Fe69.5B15,1.6861173975164832,1.8372996946419344,48.541970000000006,68.7542730620492
Nd9.5Zr0.5Nb2.5Fe70B15,1.745885602519973,1.7785233429083505,55.703900000000004,60.051428510213505
Nd9.5Nb4Fe71.5B15,1.7700192822366922,1.7828327768542744,58.88698,60.650275345303655
Nd9.5Zr0.5Ti2.5Cr1Fe71.5B14.5C0.5,1.7581200589369845,1.9001342108779276,57.29544,79.4573745474351
Nd9.5Nb4Fe71Sn0.5B15,1.8146014148894327,1.8001537070249725,65.25314,63.1180694636776
Nd9.5Ti3Fe72.5B15,1.8403068151243345,1.821958513090547,69.23198999999998,66.36796679535644
Nd9.5Zr3Fe76Co5B6.5,2.110589710299249,2.186432527649535,128.99999999999994,153.6146117858301
Nd9.5Fe79Co5B6.5,2.0170333392987803,2.15055377950651,103.99999999999997,141.4339854603915
Nd9.5Zr3Fe81B6.5,2.1760912590556813,2.0491194510138966,150.00000000000003,111.97458228648198
Nd9.5Fe84B6.4P0.1,2.278753600952829,1.9895330949114758,189.99999999999997,97.61871688163191
Nd9.5Fe84B6.5,1.8864907251724818,2.1112917041735986,76.99999999999999,129.20868429460413
Nd9Ti3Cr1Fe73B12.6C1.4,1.9344984512435677,2.0226260022748574,85.99999999999999,105.34792897526151
Nd9Ti4Fe73B12.6C1.4,2.0681858617461617,1.963314689374668,117.00000000000001,91.89982605632056
Nd9Ti4Fe73B14,2.012837224705172,1.814912962822402,102.99999999999994,65.29996715372523
Nd9Ti3Fe73B15,1.7872782876781979,1.8187256158918188,61.274289999999986,65.87575654824488
Nd9(Fe11B2)7,1.792391689498254,1.891706354364751,62.00000000000001,77.93030112419947
Nd9Fe85B5.9P0.1,2.2018175581696973,2.091101969384229,159.154,123.33943918308547
Nd9Fe85B6,2.148760828867523,2.040705374720879,140.85129000000006,109.82605269560247
Nd9Fe86B5,2.07397383091799,2.1358405999337453,118.56972999999998,136.72269171674992
Nd9(Ti2B3)2,1.6581835912987404,2.179095622611179,45.51804400000002,151.04126790091823
Ti9B4,1.9236281733822438,1.3880114035943671,83.87415799999998,24.43494712516104
Ti9B4,1.831736593673239,1.3880114035943671,67.87918099999999,24.43494712516104
NdDyNbFeCoCuB,2.3691348929178733,2.2105822294806594,233.95637999999997,162.39858074585177
TbNdDyZrNbFeCoCuB,2.190611797813605,2.2483423078888425,155.10000000000002,177.15046958651135
NdV2Fe10N,1.7001281119592977,1.639717533266412,50.13350999999999,43.623201304065454
NdFe12N,2.738780558484369,1.755864546327689,548.0,56.99864694187095
Nd1Ti0.5Fe6.5Co3.5P1.5C1,2.5390760987927767,1.9075981588048156,346.0000000000001,80.83476103861696
NdFeAgB,2.4913616938342726,2.269446111657464,309.99999999999994,185.9713790979774
NdFeB48H,2.5856329241501284,2.188003792933146,385.15267999999986,154.17139175283828
MagnetNdFeB,2.5342560180853027,2.3074309663290604,342.1811000000001,202.96958620804125
NdFeB,2.596619335332408,2.4071325956073313,395.0202279999998,255.34807936968966
MicroarrayNdFeNiBP,0.4232458739368079,2.3867412114939968,2.6500000000000004,243.63586021449936
ANdVFeBP,2.004591283461673,2.3916082975325836,101.06278999999998,246.38161493886756
NdFeCoB,2.0043213737826426,2.210518293444812,101.00000000000001,162.37467448487396
NdTiFeCuB,2.014730914812553,2.235991100044682,103.45010000000003,172.18332892593907
NdHfFeB,2.155336037465062,2.072740801464061,143.00000000000003,118.2335695614296
NdFeC,1.845098040014257,2.30864591242819,70.00000000000001,203.5381920019008
NdFeCoB,1.6794278966121188,2.210518293444812,47.79999999999999,162.37467448487396
NdNbFeB,2.362670929725667,2.1379348873510895,230.5000000000001,137.38359838936918
Nd1Nb1Fe1Sn1B0.3,2.2177470732627937,2.1669080740708115,165.10000000000002,146.861538692652
NdDy2NbFeBO3,2.3459615418131414,1.6782251155539942,221.80000000000007,47.66780077364425
Nd1Dy2Nb1Fe1Sn1B1O3.3,2.3312247810207323,1.7268419859502016,214.39999999999992,53.31408817921414
NdCrFeNiB,2.3857987770842892,2.1567125824507647,243.10773500000008,143.45397359083412
CeNdFeB,2.5135714192254515,2.1402124663808078,326.2656999999999,138.10597440610292
NdFeB,2.606381365110605,2.4071325956073313,404.00000000000017,255.34807936968966
NdDyGaFeCoB,2.405937540825622,2.227527505977303,254.6463999999999,168.8602803510928
NdNbFeB,2.4193015023836035,2.1379348873510895,262.6041,137.38359838936918
Magnet1No0.1,2.520506828117443,2.410734954832057,331.51778200000007,257.47493360856157
C40N,2.26402336698941,2.3162295557567227,183.66371600000002,207.12358560846178
C20N,2.41916987805106,2.2075312475848676,262.52452300000004,161.26170513203465
RIO,2.582028799881303,2.234042637914783,381.96959999999996,171.41255876873444
AP,2.516527251124871,2.2433671496311236,328.49385600000005,175.1326622709433
AP,2.5126170420040896,2.2433671496311236,325.54950699999983,175.1326622709433
AP,2.5169478753532992,2.2433671496311236,328.81216400000017,175.1326622709433
AP,2.5200896383813243,2.2433671496311236,331.19947400000007,175.1326622709433
AP,2.517368092591602,2.2433671496311236,329.13047200000005,175.1326622709433
AP,2.5225867865083837,2.2433671496311236,333.109322,175.1326622709433
E2K15NdFeBP,0.10380372095595687,1.4089863508229385,1.27,25.644034401755935
E2K34NdFeBP,0.92272545799326,0.7441778900586744,8.37,5.548529380641381
E2K41NdFeBP,0.9523080096621253,0.7401979572728212,8.96,5.497914190843489
LNdFeBP2,2.5314789170422554,2.1367127069968217,340.00000000000017,136.99752050241628
Pr,2.3789209906062334,2.360422887387393,239.2880389999999,229.30994353408832
Pr,2.3676551828598256,2.360422887387393,233.16061000000002,229.30994353408832
Pr,2.3809382877789966,2.360422887387393,240.40211700000006,229.30994353408832
PrFeB,1.8129133566428557,2.4294096039270423,65.00000000000001,268.7878317343691
PrFeCuB,2.3010299956639813,2.3040546096581807,200.00000000000003,201.39774782863068
MagneticRPrNdFeBH3,2.5943925503754266,2.3069833569163714,392.99999999999994,202.76050159172493
TbPrAlCu,2.561101383649056,2.5296635527601357,364.0,338.58175576759766
TbPrCu,2.5634810853944106,2.5579958796071742,365.99999999999994,361.4064337598944
TbPrCuNi,2.5877109650189114,2.4245188332327463,387.0,265.7778801954596
Pr0.5Sm0.5Co5,1.9421802476639412,2.0570507737035824,87.5347,114.03831028380723
Pr0.7Sm0.3Co5.5,2.0180588581614805,2.073844246521446,104.24587000000004,118.5343565483148
Pr0.9Sm0.1Co4.9Cu0.1,2.1235040336532993,2.0222477767148144,132.89359,105.25622176834668
Pr10.5Ti2Fe69.5Co10B4C4,2.104907545161641,2.069197271185941,127.32320000000007,117.2727937123618
Pr10Fe84.12B5.88,2.1021846868261673,2.0913233201640153,126.52742999999995,123.40231872866241
Pr5(Fe14B)3,2.0718820073061255,2.095876469623985,118.00000000000003,124.70287599265441
Pr11.25Ga1Fe80.75Cu1B6,2.199640638915423,2.1480005434529126,158.35823000000005,140.60492835837687
Pr11Fe83.5B5.5,2.261948557700742,2.113457881514508,182.7883689999999,129.8547622759982
Pr12Nb0.1Fe57.81Co16B6,1.6812412373755872,1.9570377300217625,47.99999999999999,90.5811291272221
Pr12.5Nb0.1Fe56.4Co16B6,1.6901960800285136,1.9041046004946232,49.0,80.18711720378653
Pr12GaFe80CuB6,2.270003419915859,2.0884659022239553,186.21018000000004,122.5930647368619
Pr6Fe41B3,2.0969100130080562,2.1234357529489007,124.99999999999996,132.87269782883834
Pr13Nb0.1Fe55.81Co16B6,1.806179973983887,1.9118033914697905,63.999999999999986,81.62127817562819
Pr13.5Nb0.1Fe54.89Co16B6,1.845098040014257,1.8913251809524287,70.00000000000001,77.86193293610077
Pr13.7Nb0.1Fe63.5Co16.7B6,2.2600713879850747,1.864517680719986,181.99999999999997,73.20111237632403
Pr13Co87,2.4424797690644486,2.1633731876432423,277.0,145.67102886931153
Pr13Dy2Fe77(BC3)2,2.1367205671564067,2.17889052122094,136.99999999999997,150.96995347855918
Pr13Fe65Co15B2C5,2.16345955176999,2.0141028635146063,145.70000000000002,103.30060463317278
Pr14Nb0.1Fe54.1Co16B6,1.845098040014257,1.8950472566189138,70.00000000000001,78.53210826220639
Pr14Fe54.56Co16B6,1.8864907251724818,1.99098487572358,76.99999999999999,97.94558753291086
Pr14Fe68.62B6,1.7708520116421442,2.3064114552703345,59.00000000000001,202.49367170447462
Pr14DyFe77(BC3)2,2.271841606536499,2.036073736295312,187.00000000000003,108.66100970675875
Pr14Nb0.1Fe61.9Co16B8,1.6901960800285136,1.8685280633306922,49.0,73.88020015118315
Pr14Nb0.1Fe62.9Co16B7,1.8976270912904414,1.806269384945975,78.99999999999999,64.01317744271638
Pr14Nb0.1Fe63.9Co16B6,2.0043213737826426,1.976310699013871,101.00000000000001,94.69143519677046
Pr14Nb0.1Fe64.9Co16B5,1.792391689498254,1.8901860208980594,62.00000000000001,77.6579676956181
Pr14Nb0.1Fe65.9Co16B4,1.5797835966168101,1.9938218097597349,37.99999999999999,98.58748999485461
Pr14Nb0.1Fe67.9Co12B6,2.05307844348342,1.9726438135944375,113.00000000000006,93.89529129178425
Pr14Nb0.1Fe69.9Co10B6,2.0293837776852097,2.041080902026548,107.00000000000001,109.92105854867118
Pr14Nb0.1Fe71.9Co8B6,2.0453229787866576,2.058261911473608,111.00000000000003,114.35677822483999
Pr14Nb0.1Fe75.9Co4B6,2.0827853703164503,2.0326109204943448,121.00000000000006,107.79805389471117
Pr14Nb0.1Fe79.9B6,2.0569048513364727,1.9047253533694146,114.00000000000003,80.30181351274825
Pr7Fe40B3,1.9084850188786497,2.1336685961062387,81.0,136.0406179827973
Tb2Pr14Fe69.5Co6.5B2C6,1.9136247872108882,2.1807660877734176,81.96431,151.6233499877916
Pr16Zr0.5Fe75.5B8,2.424881636631067,2.018638620886054,266.00000000000006,104.38512626723745
Pr4Fe19B2,2.444044795918076,2.062916658631105,277.99999999999994,115.5890404852539
Pr8(Fe13B)3,2.446218391971067,2.2080849928063744,279.39484699999997,161.46745228286755
Pr17.5Co82.5,2.4913616938342726,2.041040082791829,309.99999999999994,109.91072758011875
Pr2Co14B,1.5997575668417348,1.8502540757775425,39.78849999999999,70.83600758584835
Pr2Fe13.3Co0.7B1,1.9822712330395684,2.151928973336514,96.0,141.88254609934424
FeB7,2.256958152560932,2.1639455179316096,180.70000000000002,145.86312640907332
FeB7,2.2576785748691846,2.1639455179316096,181.0,145.86312640907332
Pr2Fe14C,1.8038775494976595,1.8046180036825055,63.66159999999999,63.77023298417358
Pr3Fe14B0.1,1.8038775494976595,2.2112783430167724,63.66159999999999,162.6590917664113
Pr4ZrNb4Fe67(CuB11)2,1.8075350280688534,1.5441410260782995,64.20000000000002,35.00588212658727
Pr7Ti2Fe81B10,2.062155564740691,1.976188094694551,115.38664999999997,94.66470692629122
Tb1Pr7Zr1Nb0.5Fe86.5B4,2.148760828867523,2.109278849188544,140.85129000000006,128.6112174063102
Tb1Pr7Zr0.5Nb1Fe86.5B4,2.1438256111920104,2.127961286758793,139.25974999999997,134.26452716894065
Tb1Pr7Zr1Nb1Fe86.5B4,2.1235040336532993,2.075663882584967,132.89359,119.03204161131997
TbPr7Nb2(Fe43B2)2,2.0530759068887727,2.1048784735023087,112.99934000000005,127.31467727414594
Tb1Pr7Zr0.5Nb0.5Fe87B4,2.208283600418929,2.114401767208836,161.54131,130.13729255766674
TbPr7NbFe87B4,2.062155564740691,2.111231543053889,115.38664999999997,129.19078675948236
TbPr7(Fe22B)4,2.068104897253892,2.102503487361965,116.97818999999997,126.62034350174504
Pr8.5Al1Fe76.05Co8.45B6,2.0170333392987803,2.1019598464667046,103.99999999999997,126.46194192402457
Pr8.5Hf1Fe76.05Co8.45B6,2.1749315935284423,2.1231612010860292,149.5999999999999,132.78872504176374
Pr8.5Ti1Fe76.05Co8.45B6,2.1212314551496214,2.123747251482118,132.2,132.96803520740372
Pr8.5Fe76.95Co8.55B6,2.0187004986662433,2.0822793336595242,104.39999999999999,120.8590938193596
Pr8.5Ti2Fe79.5B10,2.15120756481461,2.081165342953931,141.64706,120.54948044440837
Pr8NbFe75Co10B5C,2.3190888538254617,2.1292456609047368,208.4917400000001,134.66218622343465
Pr4Cr(Fe14B)3,1.9461105412923734,2.0804273956385173,88.33046999999998,120.34481832491181
Pr4Nb(Fe14B)3,2.1536405934856093,2.0864923103871167,142.44283000000004,122.03722126572745
Pr4Ti(Fe14B)3,2.0079975321535843,2.082618432714675,101.85855999999998,120.95349798595119
Pr4Zr(Fe14B)3,2.031121331000722,2.0510396366137043,107.42894999999999,112.4707617608448
Pr8VFe85B5C,2.2372472963542456,2.093982392043644,172.68209000000002,124.16019672879524
Pr8Mn0.6Fe86.4B5,2.2671717284030137,2.0746026345941773,184.99999999999997,118.74152836701987
Pr4Fe43B3,1.8598289548268097,1.7495393091518667,72.41507,56.17451211037936
Pr9Hf0.5Fe81.225Co4.275B5,2.1021846868261673,2.1366620040272943,126.52742999999995,136.98152726295197
Pr9Nb0.5Fe81.225Co4.275B5,2.104907545161641,2.1220328299167273,127.32320000000007,132.44416508247355
Pr9Ti0.5Fe81.225Co4.275B5,2.0911192606760074,2.130747045260342,123.34434999999996,135.12852780823258
Pr9.5Cr2Fe78.5B10,2.068104897253892,2.086297513184721,116.97818999999997,121.9824953144398
Pr9.5Nb2Fe78.5B10,2.1286742671193895,2.0737505890038066,134.48512999999994,118.50879684843413
Pr9.5Ti2Fe78.5B10,2.1129751669096737,2.094387355062046,129.71050999999994,124.27602536498809
Pr9.5V2Fe78.5B10,2.0911192606760074,2.090451802873777,123.34434999999996,123.15493032927975
Pr9.5Zr2Fe78.5B10,2.062155564740691,2.0950136630469367,115.38664999999997,124.45537652254099
Pr9.5Zr2Fe82B6.4P0.1,1.806179973983887,2.0553624458847093,63.999999999999986,113.59584485005283
Pr9.5Zr1Fe83B6.4P0.1,1.9030899869919435,2.058086234443101,79.99999999999999,114.31052896929093
Pr9.5Nb4Fe86.5B12,1.6434526764861874,2.0753241603272548,43.99999999999999,118.93896646602062
Pr9Ti4Fe66Co10B10C,2.20613893195234,2.075400881277307,160.74554000000003,118.95997966544712
Pr9Ti2.5Fe73.5B15,2.031121331000722,1.7966357491012368,107.42894999999999,62.60885322467283
Pr9Ti2.5Fe81.5B7,1.983572932822166,2.073621471306107,96.28817,118.4735688884796
Pr9Ti2Nb1Fe82.5B5.5,2.232214859026459,2.096835845160954,170.69266500000003,124.9786546003222
Pr9Zr2Fe82Cu0.5B6.5,2.126096844231579,2.063088706107173,133.68935999999997,115.63484061199605
Pr9Ti1Nb1Fe83.5B5.5,2.2490924255538767,2.168717236524394,177.45670999999996,147.47460327083525
Pr9Ti0.5Nb0.5Fe84.5B5.5,2.260623044845604,2.154765472154019,182.23132999999999,142.81225350463757
Pr9Ti1Nb0.5Fe84B5.5,2.229574762860251,2.1695307719683714,169.65816400000008,147.75111670463426
Pr9Fe85.5B5.5,2.2256870595580294,2.1016976233967637,168.146201,126.3856083973269
Pr1Co4.9C0.1,1.8452702346558847,2.1166585959160544,70.02776,130.81531638521892
PrCo5,2.1438256111920104,2.1991626276964653,139.25974999999997,158.18402707872514
PrCo5,2.5198808931324588,2.1991626276964653,331.04031999999995,158.18402707872514
Pr1Co5C0.3,1.9726695698118415,1.8935228619222906,93.90086000000002,78.25693996261774
MagnetPr,2.405530198777404,2.3839785081512845,254.40766900000003,242.09092406950262
PrCu,2.3942456135009045,2.319085467177481,247.88235500000002,208.4901141783361
PrZrFeCoB,1.8790958795000727,2.0877013101284976,75.69999999999999,122.37742482044331
MagnetRPrZrFeCoBH3,2.225309281725863,2.4144797252936345,168.0,259.70464974386846
GLaPrGaBPH,2.517787903626615,2.1437870823605287,329.44878000000006,139.2473959921384
FePt,2.6232492903979003,2.316935947493365,419.9999999999999,207.46075186058712
R1E12Zr2Fe68.4Co7.6B10,2.0755469613925306,2.0591605215157367,118.99999999999994,114.5936417837161
E12RZr2(Fe38B5)2,2.1367205671564067,2.1007297794645883,136.99999999999997,126.10426624108233
E12R(Fe39B5)2,2.110589710299249,2.107906302255995,128.99999999999994,128.20539534851738
E12R(Fe41B3)2,2.164352855784437,2.064764556905983,146.0,116.08191309521621
E2RFe14B,2.4173221970997294,2.2094372238674755,261.41,161.97098521550072
E30RB,2.4797704052085066,2.4824800007474592,301.8355609999999,303.72462235954674
R1E32B0.92,2.5155793544621337,2.409744006044322,327.777663,256.8881114912039
R1E33B0.9,2.498921208318954,2.4844095105719686,315.44322800000003,305.07703056086353
R,2.5452261519735546,2.051006907170326,350.93457,112.46228602173854
M30R,2.5392768194603534,1.9685172670810869,346.15995000000004,93.00734927397096
ARibbon,2.0180588581614805,1.9685172670810869,104.24587000000004,93.00734927397096
RibbonB,2.120895650545771,2.4057234468843607,132.09781999999996,254.52089802388696
MCe45PS,2.3964706301226313,2.2318470367294396,249.155587,170.54815939194833
GMBP2HS,2.381369349334885,2.4425217114797557,240.64084799999995,277.02675283834935
MNdDyFeBPS,2.5029730590656314,2.409370788400125,318.4,256.6674455705422
MNdFeBPS,2.595055089759304,2.268776577621316,393.59999999999997,185.6848955174952
M1Ce0.36P1S1,2.4977143768486867,2.370179553680288,314.567881,234.51982080978516
NdFeBPS2,2.3997429262428613,2.2382583977200645,251.03999999999994,173.08458763313214
APS2,2.0086001717619175,2.192438420942944,101.99999999999999,155.7537174391156
PCS2,1.9867717342662448,2.182941545965167,96.99999999999999,152.38476371278722
SmZr10Fe10(CoCu)10,2.1363160094132647,2.159719977231512,136.8724399999999,144.45080859038566
SmZr103Fe2Co2Cu,2.2018175581696973,1.8493138454633882,159.154,70.68281632756658
Sm(Fe52Co)2,2.172629169042215,2.076002508945621,148.80899,119.1248889924745
Sm1Zr1.875Fe1.875Co1.875Cu1.875,1.9242792860618816,2.1731647865285906,83.99999999999999,148.9926300663685
Sm1Fe0.55Co2.7Cu1.75,2.276875221131548,1.9439298173403132,189.17999999999995,87.88804769104564
Sm1Zr0.175Fe1.96Co4.445Cu0.42,2.340120256335979,2.326587996151642,218.83675000000008,212.12311504934829
Sm1Zr0.1568Fe2.1952Co5.07248Cu0.41552,2.4048504451844077,2.3618408968734528,254.0097839999999,230.05988421005705
Sm1Zr0.1935Fe2.0898Co5.0697Cu0.387,2.4107960754459508,2.3192851390957747,257.511172,208.58599196194922
Sm1Zr0.156Fe2.028Co5.07Cu0.546,2.407021922117842,2.3246114499568074,255.283016,211.15990111768116
Sm1Zr0.152Fe2.128Co4.94Cu0.38,2.405666021915932,2.3463247176865254,254.48724599999994,221.98555634983427
Sm1Zr0.175Fe1.75Co4.655Cu0.42,2.298197867109815,2.283137694033256,198.69999999999996,191.92771553145354
Sm1Zr0.225Fe1.65Co5.1Cu0.525,2.375586381306347,2.2833967573346627,237.45776799999993,192.04223750314486
Sm1Zr0.3Fe0.75Co5.25Ni0.9B0.3,1.5028475538336785,1.8734053547751048,31.830800000000007,74.71457919487523
Sm1Zr0.1965Fe1.572Co5.6199Cu0.4716,2.263458492231383,2.285010385386399,183.42498500000008,192.75710071000276
Sm1Zr0.296Fe0.74Co5.365Cu0.888B0.111,1.745885602519973,1.8076966147594196,55.703900000000004,64.22389115241647
Sm1Zr0.328Fe0.82Co6.068Cu0.984C0.041,1.7001281119592977,2.0676382340459796,50.13350999999999,116.85256072966418
Sm1Zr0.2Fe1.7Co5.1C0.06,2.0375081296621227,2.095618117100607,109.02048999999997,124.6287149723465
Sm1Zr0.25113Fe0.761Co5.91297Cu0.6849,2.2279420749151475,2.0403650808728298,169.021548,109.74003158894216
Sm1Zr0.20132Fe0.719Co5.63696Cu0.63272,2.424881636631067,1.916367040121835,266.00000000000006,82.48349224256667
Sm1Zr0.3Fe0.75Co5.25Ni0.9B0.3,1.7581200589369845,1.8734053547751048,57.29544,74.71457919487523
Sm1Co4.32Cu0.48,1.900787562505716,1.852993545118808,79.57699999999998,71.28424351325378
Sm1Zr7.6Fe7.6Co7.6Cu7.6,2.3822301910080212,2.2088289007516972,241.1183100000001,161.7442687271363
Sm1Ti0.6V0.6Fe8.64Co2.16,1.7636937760687141,1.9335170689936585,58.035506099999985,85.80588381836719
Ti10.8V0.6Co0.8,1.709673429865528,1.6812662101464908,51.247587999999986,48.00276017199749
Sm1Ti1Fe8.8Co2.2,1.9878587684122515,1.8561620505881828,97.24309400000001,71.80621756125181
SmCo,2.3707567720056755,2.069956508588096,234.83172699999997,117.47799034445681
SmHfCoB,1.6512959573570622,2.101024187390624,44.80185099999999,126.1897812171112
SmFeN,2.4653828514484184,2.034029986152396,292.00000000000006,108.15086222047879
Ce0.3Sm0.3Zr0.4Fe10Si2,1.9051089362883586,1.8646218644129882,80.37277,73.21867483074416
Pr0.6Sm0.4Fe0.9Co3.04Cu0.06B1,1.1312364838839901,1.5245769641627718,13.528090000000004,33.46393162185449
Pr0.6Sm0.4Co5,2.2490924255538767,2.003974613041745,177.45670999999996,100.91938912860552
Sm0.5Gd0.15Dy0.2Er0.15Zr0.18Fe1.44Co5.004Cu0.576,2.144321664337778,2.2022302408652203,139.41890399999994,159.30530589998318
Sm0.5Gd0.2Dy0.1Er0.2Zr0.18Fe1.44Co5.004Cu0.576,2.1345449254712263,2.189623782820555,136.31540099999992,154.74755033046952
Pr0.5Sm0.5Fe0.9Co3.04Cu0.06B1,1.5135714192254515,1.2798223063702272,32.626569999999994,19.04681249221569
Sm0.67Gd0.22Dy0.11Zr0.200088Fe1.59594Co5.50242Cu0.64314,2.239642308758039,2.2194576059715247,173.63701399999997,165.75155291509856
Sm0.6Gd0.3Dy0.1Co5,2.120895650545771,1.887663900840296,132.09781999999996,77.20828413005646
Sm0.6Gd0.4Co5,2.0180588581614805,1.961954081834193,104.24587000000004,91.6123622807055
Pr0.4Sm0.6Fe0.9Co3.04Cu0.06B1,1.3779088172253786,1.3381387733553072,23.873100000000008,21.784057433892542
Pr0.4Sm0.6Co5,2.1852182963502353,2.0442373388908335,153.18572499999993,110.72287113996568
Sm0.74Zr0.26Ti1Fe8.8Co2.2,1.7967622948647806,1.837929057617926,62.627098999999994,68.85398135788881
Sm0.75Zr0.25Ti1.4Fe9.2Co2.3,1.7271344237604886,1.7035194045691706,53.349999999999994,50.52652200252389
Sm0.75Zr0.25Ti1Fe8.8Co2.2,1.806179973983887,1.8384676889322065,63.999999999999986,68.93943010279945
Sm0.75Zr0.25Ti1Fe8.8Co2.2,1.800648355363988,1.8384676889322065,63.19,68.93943010279945
Sm0.75Zr0.25Ti1.2Fe8.8Co2.2,1.7697464671794536,1.7360423662389735,58.850000000000016,54.45557726855207
Sm0.75Zr0.25Ti1.4Fe8.8Co2.2,1.5333907080175513,1.7775112696121729,34.14999999999999,59.91164850276971
Sm0.75Zr0.25Ti1.4Fe9.6Co2.4,1.7231271587956916,1.7605469203290163,52.86,57.616506294738045
Sm0.75Zr0.25Ti1.4Fe10Co2.3,1.7288405683399715,1.7702252607339797,53.56000000000001,58.914915718750756
Sm0.75Zr0.25Fe3,2.060697840353612,1.36283671404601,115.00000000000003,23.058800613866058
Sm0.75Zr0.25Ti1.4Fe9.6Co2.3,1.7527396939353281,1.7356567991805396,56.59000000000001,54.40725300905191
Sm0.7Gd0.1Er0.2Zr0.1764Fe1.5435Co5.02005Cu0.61005,2.3324384599156054,2.1697493038989775,215.00000000000003,147.82548205590828
Pr0.3Sm0.7Fe0.9Co3.04Cu0.06B1,1.363185560404672,1.373337897263998,23.07733,23.623154876964723
Sm0.7Zr0.3Fe10Si2,2.0406666489069525,1.8326521327787166,109.81625999999997,68.02242849345662
Sm0.8Lu0.2Zr0.2Co6.8,1.242292904982931,1.9511961315009174,17.470000000000002,89.37090000586402
Pr0.2Sm0.8Fe0.9Co3.04Cu0.06B1,1.2809988042173222,1.399697058645355,19.098480000000002,25.10134880498662
Sm0.8Zr0.2Ti0.8Fe9.2,1.6861173975164832,1.8233014953241828,48.541970000000006,66.57351615746659
Sm1.1Nb0.1Fe9.5N1,2.031121331000722,2.093137926423303,107.42894999999999,123.919007510621
Sm11Mn29.6667Fe29.6667Co29.6667,1.8302064882200089,1.9528355105786823,67.64045,89.7088956907543
Sm11Mn6.675Fe6.675Co75.65,1.9576924138421887,1.9679040221412443,90.71778000000002,92.87611105053749
Sm11Fe17.8Co71.2,1.9178209018044965,2.0663786139468225,82.76008000000002,116.51413463155198
Sm11Zr2Fe17.4Co69.6,1.9871473931804644,2.0307813269689703,97.08394000000003,107.34487805484929
Sm12.5Zr2Co85.5,2.014730914812553,1.9103912628559516,103.45010000000003,81.35631381631907
Sm12.5Zr1Co86.5,2.0079975321535843,1.9568239584252363,101.85855999999998,90.53655359492058
Sm12Zr3Fe20Co59Cu6,2.010028531093919,2.1985264823362303,102.33602199999997,157.95249208083035
Sm6Co30Cu13B,1.745885602519973,1.966061318059578,55.703900000000004,92.48287413367498
Sm12V15Fe73,1.4471580313422192,1.616880717397236,27.999999999999996,41.38859819691107
Sm12V11.5Fe76.5,1.462397997898956,1.7125237363692347,29.0,51.58503581083144
Sm17Fe16.6Co66.4,1.9942092476679512,2.0335522528244914,98.67548000000001,108.03195934159137
Sm2Zr4.25Fe4.25Co4.25Cu4.25,2.247236549506764,2.0716830821948795,176.7,117.94596342095433
Sm2Zr4.25Fe4.25Co4.25Cu4.25,2.2332260224213214,2.0716830821948795,171.09055,117.94596342095433
Sm2Zr17Fe17(CoCu)17,2.315760910476534,2.2396423652812407,206.9002000000001,173.6370365987688
Sm2Mn0.85Fe14.28Co1.87N5.2,1.979968808553341,1.9741096821703485,95.4924,94.21275031645095
Sm2Al3Fe11.9Co2.1,2.2987275711777535,1.9714602230272498,198.9424999999999,93.6397451450925
Sm2Fe15.3Co1.7N2.9,2.57103341557984,2.1488311953354557,372.42036000000013,140.87411324820633
Sm20.8Zr1.6Fe7.9Co63.4Cu2.4B4,2.060697840353612,1.5668237314977569,115.00000000000003,36.882787082932964
Sm24.6Hf1Zr1.3Fe17.4Co50Cu5.7,1.4913616938342726,1.7655866853197655,31.0,58.289010824097254
Sm24.6Zr2.3Fe17.4Co50Cu5.7,1.2695129442179163,1.8570551969025515,18.599999999999998,71.9540422589021
Sm25Zr3Fe23.5Co42.9Cu5.6,2.215917879689318,2.2045973903104104,164.40608200000005,160.17598018706275
Sm25Zr3Fe21.5Co44.9Cu5.6,2.383946772222696,2.2057055090070827,242.07323400000013,160.58519706599475
Sm25Zr3Fe19.5Co46.9Cu5.6,2.3779088172253786,2.0812531243520076,238.73100000000005,120.57384886694855
Sm2Co17,2.204119982655925,2.1150488472539797,160.00000000000009,130.33133603253174
Sm2TiFe11,2.4638929889859074,1.717269023090394,291.00000000000006,52.15176644332694
Sm2Fe17C0.5,2.6020599913279625,2.1899830648600904,400.00000000000006,154.87562246043973
Sm2Fe17C1.5,2.6020599913279625,1.9712337281676904,400.00000000000006,93.59092253211139
Sm2ZnFe17N3,2.1986570869544226,2.264796468134835,158.0,183.99095268186485
Sm2Fe17N,2.298853076409707,2.307671798966468,199.00000000000006,203.08217169709212
Sm3V2.3Fe26.7N4,2.0354297381845483,1.9938207692610443,108.5,98.58725379560356
Sm5Fe0.5Co18.5,1.4748188302334349,1.5415643545694195,29.841374999999996,34.79880693523689
Sm5Nb0.5Co18.5,1.314087326586968,1.6190818492616461,20.610443,41.598900242820164
Sm5Co18.5Ni0.5,1.3779088172253786,1.5715219956715656,23.873100000000008,37.283956763511036
Sm5Co19,1.5865293011079797,1.582634872544553,38.594845,38.25030236366116
Sm6.2Nb2.7Fe68.7Co16.4B6,1.9912260756924949,2.062246623758535,98.0,115.41084578659867
Sm7.8Zr3.5Fe84.7Co4,1.9730374601192309,1.97368328052015,93.98043700000001,94.12029517566523
Sm8Ti8Al2V8Ga0.5Fe69.825Co3.675,1.7160033436347992,1.9439381772403608,52.00000000000001,87.88973949786413
Sm8.5Zr1.2Nb1.2Fe84.6Co4.5,1.954724790979063,1.9402614208861717,90.10000000000001,87.14880189425591
Sm8.5Zr1.2Fe85.8Co4.5,1.964259630196849,1.9529977439499686,92.1,89.74241325971654
Sm8Ti5Al2V8Ga0.5Fe73.5,2.05307844348342,1.7013370276187598,113.00000000000006,50.27325761407683
Sm4ZrFe43Co2,1.8893465193843315,1.9566268596643437,77.50799799999999,90.49547410943688
Sm2Fe22Co,0.9342113179926658,2.1421113213218392,8.594316,138.71113371395538
SmCo,2.351216345339342,2.069956508588096,224.5,117.47799034445681
MagnetSmCo,2.3272988238702914,2.222998891216919,212.47059000000007,167.10863479091944
SmCo10,2.107613438537566,2.1307133044566116,128.11897000000008,135.11802993589126
SmFeCo104,2.059150054600966,2.045543707703152,114.59088000000001,111.05642976842985
SmCo3,1.5240368529036166,1.7275027466462876,33.42234,53.395265048659134
Sm1Ga0.04Co4.5Cu0.3Sn0.16,1.8352860137492837,1.8199425610448023,68.43621999999998,66.0606071737612
Sm1Co4.7Sn0.08,1.8169038393756602,1.9101127023221651,65.6,81.30414784902948
SmCo5,2.2332500095411003,2.077743420862683,171.10000000000002,119.603371144339
SmFeCo5,2.024485667699167,2.0001067166714153,105.8,100.0245754409443
SmCo5Cu,1.7075701760979363,1.8456369888410231,50.999999999999986,70.08692221042101
SmCo5Sn,1.521007252408604,1.9168758252626406,33.190000000000005,82.58018001736806
Sm1Mn0.6Cr0.3Co6.1,1.7520459112247915,1.8898659432885179,56.499670000000016,77.60075439859303
Sm1Mn0.3Fe0.5Co6.2,1.9770638179099338,1.8831810970412026,94.85578400000003,76.41543629081175
Sm1Mn0.5Co6.2Cu0.3,1.8711344387358093,1.8195445382491418,74.32491799999998,66.0000915938592
Sm1Zr0.4Co6.3Si0.3,1.6384892569546374,1.7759282898766797,43.50000000000001,59.69367130551504
Sm1Ti0.25Co6.45Cu0.6,1.64115025199996,1.745474624663455,43.76735,55.65121169332352
Sm1Ti0.3Co6.4Cu0.3,1.6989700043360187,1.7875144312339497,49.99999999999999,61.307616380758446
Sm1Ti0.3Co6.4Cu0.6,1.64115025199996,1.7278186557678405,43.76735,53.43411930180348
Sm1Zr0.3Co6.4Si0.3C0.2,1.7168377232995244,1.6460079376246748,52.099999999999994,44.25964616491277
Sm1Zr0.3Co6.7,1.8095597146352678,1.799199272352606,64.5,62.97950927258226
SmCo7,2.1656053855152524,2.1069288976596607,146.42167999999995,127.91718620333755
SmFe3CoNi,2.5575072019056577,2.111861775973299,360.99999999999983,129.3783999938542
SmFe7N,2.056123599970778,2.362375419671916,113.79511000000001,230.34321260924415
Sm1Nb0.1Fe9.5N1,2.0911192606760074,2.04362158448498,123.34434999999996,110.56599650987773
SmFeN,2.450557009418329,2.034029986152396,282.20000000000005,108.15086222047879
SmFeN,2.110302577048347,2.034029986152396,128.91473999999994,108.15086222047879
Sr0.2Ca0.5La0.3Zn0.25Fe11.75O19,1.4941545940184429,1.4732323686785866,31.200000000000006,29.732564430883684
Sr0.3Ca0.3La0.4Fe11.68Co0.32O19,1.5410797677766288,1.5349880604954853,34.75999999999999,34.27583633982148
Sr0.5Ca0.2La0.3Fe11.15Co0.25O19,1.5342560180853027,1.5285105978779705,34.21811,33.768408888281606
Sr0.5Ca0.2La0.3Zn0.25Fe11.75O19,1.548020694905531,1.5002081638662514,35.32000000000001,31.63793750646982
Sr0.5Ca0.3La0.2Fe11.84Co0.16O19,1.5358002908248978,1.5441972758293618,34.34,35.01041637641049
Sr0.67La0.33Zn0.1Fe11.7Co0.2O19,1.5390760987927767,1.5084828928595224,34.60000000000001,32.246522956754816
Sr0.7La0.3Zn0.25Fe11.75O19,1.5363058723510337,1.4196543742534393,34.38,26.28175571358045
Sr0.75La0.25Fe10.4Cu0.2O19,1.4670158184384354,1.447593818865983,29.309999999999995,28.028110361107643
Sr0.75La0.25Fe11Cu0.2O19,1.494850021680094,1.499422000649169,31.249999999999996,31.58071807340125
Sr0.75La0.25Fe11.2Cu0.2O19,1.4720246977002813,1.5159117787170855,29.649999999999995,32.80286515848874
Sr0.75La0.25Fe11.8Cu0.2O19,1.423737249982329,1.462670236430525,26.529999999999994,29.018184418028795
Sr0.7Ca0.3Fe11O19,1.4868553552769435,1.4355061207662003,30.68000000000001,27.258761560251475
Sr0.7Ca0.3Fe11.4O19,1.5206145218782359,1.4446850081732494,33.16,27.84101140173674
Sr0.7Ca0.3Fe12O19,1.4640422054388107,1.760046534782449,29.109999999999992,57.55015992004718
Sr0.7Ca0.3Fe9.8O19,1.4483971034577676,1.4053806995775133,28.079999999999995,25.432010814203032
Ce0.7Zn11.7Fe0.3O0.3,1.6250634321065052,1.7973554403242518,42.175810000000006,62.71269151749448
La0.7Ce0.1Zn11.7Fe0.2O0.3,1.6250634321065052,1.668791127587231,42.175810000000006,46.64349960795089
La0.7Ce0.2Zn11.7Fe0.1O0.3,1.6250634321065052,1.6390813059110791,42.175810000000006,43.559341514176744
La0.7Ce0.3Zn11.7O0.3,1.6250634321065052,1.6717586042634183,42.175810000000006,46.96329979515724
Sr0.8La0.2Zn0.15Fe11.25O19,1.5083950331330531,1.4939397093610218,32.24000000000001,31.18456636400347
Sr0.8La0.2Zn0.15Fe11.65O19,1.4891143693789193,1.5150340067999015,30.839999999999996,32.73663278210369
Ba0.2Sr0.8Al2Fe10O19,0.468989286572711,0.41878497515474905,2.944349,2.6229195802534195
Sr0.8Ca0.2Al2Fe10O19,0.4570900632730033,0.5657258782887092,2.864772,3.678966881592064
Ba0.1Sr0.9Al2Fe10O19,0.4322664795479712,0.5889686323439424,2.7056180000000003,3.881223321840869
Sr0.9Ca0.1Al2Fe10O19,0.37790881722537845,0.6592089594048202,2.38731,4.562563894541666
Sr1Al0.5Fe11.5O19,1.2372472963542456,1.0280319690085615,17.268209,10.66674637713851
SrAlFe11O19,1.1930436338621921,1.0895061399323391,15.597092000000002,12.288705598795035
Sr1Al1.5Fe10.5O19,1.2125414235614702,1.2168239705600032,16.313284999999993,16.474944891558497
SrAl2Fe10O19,1.1863448715134899,0.5329414782666014,15.358361000000004,3.411469385409869
Sr1La0.25Sm0.25Al4Fe7.5O19,1.698747206242912,1.806478963718895,49.974355999999986,64.04407592591383
SrAl4Fe8O19,1.6811048746458674,2.026346994554772,47.98493100000001,106.25441744520118
Sr1La0.75Sm0.75Al4Fe6.5O19,1.6347868490441029,1.5993994250793362,43.13073399999999,39.75570186392324
Sr1La0.5Sm0.5Al4Fe7O19,1.7262136802735393,1.498028253025012,53.23701300000001,31.4795309751073
SrAl2Fe10O19,1.4265112613645752,0.5329414782666014,26.699999999999996,3.411469385409869
Sr1Al0.5Fe11.5O19,0.900787562505716,1.0280319690085615,7.9577,10.66674637713851
Sr1Al0.3Fe11.7O19,0.9421802476639412,1.0932291018254243,8.753470000000002,12.39450256892499
Sr1Mn0.1Zn0.1Fe11.8O19,1.56354539418729,1.3580713111804839,36.605419999999995,22.807165350506608
Sr1Er0.08Fe11.92O19,1.1139433523068367,1.2882900567663351,12.999999999999998,19.421825901786903
Sr1Tm0.08Fe11.92O19,1.1072099696478683,1.1505730978202326,12.799999999999999,14.1440276875515
Sr1Al0.1Fe11.9O19,0.9342113179926658,1.343548201386736,8.594316,22.057089295775047
SrCrFe11O19,2.3348772009236067,1.3748267914795627,216.21070899999995,23.704281255279852
Sr1Al4Zn0.2Fe7.8O19,2.1829563408103576,1.7951422653462639,152.389955,62.39391908025798
Sr1Al3Fe8.985Ni0.015O19,2.110302577048347,1.2300325468355662,128.91473999999994,16.983709267661006
Sr1La0.2Al2Fe9.8O19,0.17609125905568124,1.2731360309142894,1.5,18.75581890999698
Tb,2.566201718854913,2.501597774292825,368.29999999999995,317.39331424935455
TbFeB,2.600625288372962,2.036398300580524,398.6807700000001,108.74224643907971
TbAl3(GaCu)3,2.593634481782946,1.9259898798342663,392.31461000000013,84.33151061489912
Tb10Pr20Al23.3333Ga23.3333Cu23.3333,2.5793969790646423,2.3547383777565027,379.6618670000001,226.32804797587312
Tb10Pr40Al16.6667Ga16.6667Cu16.6667,2.5692666654383016,2.5040005309086077,370.908397,319.15417566376806
TbPr6AlGaCu,2.580215459117835,2.513074946200564,380.3780599999999,325.8929354949215
Tb10Pr80Al3.33333Ga3.33333Cu3.33333,2.5985398366734707,2.44352730103458,396.770922,277.66893915201854
Tb11In9Co4,1.9260934277704862,1.71255035959661,84.35161999999998,51.58819818634087
Tb11Ce4Cu5,2.574729561139804,2.246816612863662,375.6034400000002,176.52922430594418
Tb13Al7,2.5599066250361124,2.3623335488700135,362.99999999999994,230.32100604085394
Tb3Cu,2.5654295380618417,2.4090142439924223,367.64574000000016,256.456814785632
A2MRX262VHCO,2.415335315166002,2.482395922932158,260.2167899999999,303.66582808046167
X,2.5646660642520893,1.9685172670810869,367.0,93.00734927397096
GXHS8,2.336472700447346,2.2409559704270197,217.00647900000004,174.1630294759744
Magnet,2.4860226258714913,2.051006907170326,306.21229599999987,112.46228602173854
Pr0.5Y0.5Co5,1.9093877342676335,1.7955005563111304,81.16853999999998,62.445415017685384
Y,2.5171958979499744,2.103491389845325,329.0000000000001,126.90869837673557
Y,1.4471580313422192,2.103491389845325,27.999999999999996,126.90869837673557
Y30BH,1.4734869700645683,1.8064781620054724,29.749999999999993,64.04395769980218
Y1Fe0.2Co4.8,1.3692158574101427,1.6386454227073568,23.399999999999995,43.515644757280725
Y1Mn0.4Fe0.6O3,0.9500055851758977,1.1401465792820207,8.912624000000001,13.8085023848003
Y1Mn0.3Fe0.7O3,1.0651404182901532,1.0351243924110143,11.618242,10.842374212905094
Y1Mn0.1Fe0.9O3,1.2412316773458343,1.007972962913023,17.427362999999996,10.185279774240671
Co0.9N17,2.57103341557984,2.27517097596519,372.42036000000013,188.43908030920147
Sm0.3Zr0.7Fe10Si2,1.56354539418729,1.9501871909473527,36.605419999999995,89.16351706631322
Zr15Ti2Co83,1.4918521695322153,1.579026619018321,31.035030000000006,37.933823487069134
Zr16Nb3Co75(SiB)3,1.2018175581696973,1.4403811159724573,15.915400000000002,27.566467429490007
Zr16Nb2Co76(SiB)3,1.2018175581696973,1.4222318500469353,15.915400000000002,26.438197956382005
Zr16NbCo77(SiB)3,1.3779088172253786,1.403241940654427,23.873100000000008,25.307074329510318
Zr16Co78(SiB)3,1.3779088172253786,1.3755840748356027,23.873100000000008,23.745650690191237
Zr2Fe1.5Co9.5B1,1.2018175581696973,1.596254197254947,15.915400000000002,39.468824977973604
Zr6Co23,1.9133369259326232,1.4571448546512293,81.91,28.65133447622806
La0.51Ce1.19Pr15.3Fe78B6,1.5442402389919034,1.9429202803352967,35.01388,87.68398524969226
La1.53Ce3.57Pr11.9Fe78B6,1.8403068151243345,1.597877014322255,69.23198999999998,39.616583015298254
La2.55Ce5.95Pr8.5Fe78B6,1.4193015023836035,1.6438657312088676,26.26041,44.04186802752091
La3.57Ce8.33Pr5.1Fe78B6,1.363185560404672,1.5406319898265262,23.07733,34.724179281681536
La1.5Ce1.5Dy7Fe84B6,1.6127838567197355,2.067306427986926,40.99999999999999,116.76331810335033
La1.5Ce1.5Nd7Fe84B6,2.0791812460476247,1.8256427630803518,119.99999999999996,66.93338100673839
La4.84Ce10.12Pr7.04Nd7.04Zr2.5Fe74.2B1.3,1.692478211525834,1.5518910141602777,49.25816300000001,35.63616935331068
La4.84Ce10.12Pr7.04Nd7.04Fe76.7B1.3,1.3963319000521646,1.7233404315684244,24.907601,52.88596479532176
Cr0.4Se0.6,1.5342560180853027,1.4585311913236774,34.21811,28.742940199443026
MnAl,2.0492180226701815,1.5148587793008341,111.99999999999996,32.723426993306454
MnAlC,1.7481880270062005,1.7911324352613613,56.0,61.82048889346961
MnAlC,0.7930916001765802,1.7911324352613613,6.21,61.82048889346961
Fe16N2,2.0791812460476247,1.9817118219442655,119.99999999999996,95.87642280816641
Fe14Co2N2,2.1760912590556813,2.1003351871438336,150.00000000000003,125.98974215992871
Fe13Co3N2,2.1522883443830567,2.126373297219082,142.00000000000009,133.77448792631793
Fe12Co4N2,2.113943352306837,2.114328959883597,130.00000000000006,130.1154775118626
Fe10Co6N2,2.060697840353612,2.037409268809517,115.00000000000003,108.99567588786348
Fe8Co8N2,1.9777236052888478,1.989002820211299,95.00000000000001,97.49959691027378
Fe6Co10N2,1.9030899869919435,1.9393310054144717,79.99999999999999,86.96229756882006
Fe4Co12N2,1.8325089127062364,1.9447994145970786,68.0,88.06420413645954
Co16N2,1.7160033436347992,2.0675785287825343,52.00000000000001,116.83649735868337
Fe3Co3Ti2,1.8750612633917,1.8264237213718102,75.0,67.05385042956475
Fe3Co3Nb2,1.9294189257142929,1.9329739618665047,85.00000000000003,85.69864630512267
Fe3Co3Ta2,1.9822712330395684,1.8498091496033502,96.0,70.76347464678015
Fe3Co3Mo2,1.7634279935629373,1.9796423223794115,58.00000000000001,95.4206394003967
Fe3Co3V2,1.8325089127062364,1.851580526690772,68.0,71.05269033738068
Fe4Co2Ti2,1.8129133566428557,1.8820049737544302,65.00000000000001,76.208773777977
Fe2Co4Ti2,1.9138138523837167,1.821182226050431,82.0,66.24944220802875
Fe4Co2Nb2,1.8808135922807914,1.8063181194151303,76.0,64.0203611012574
Fe2Co4Nb2,1.9637878273455553,1.925454993274774,92.00000000000003,84.22771002111232
Mn9Bi10,2.0086001717619175,1.944161316336393,101.99999999999999,87.93490856378646
Mn19Al19C2,1.8325089127062364,1.6827605137095794,68.0,48.16821067691412
Fe19Pt21,2.462397997898956,2.4026926160670916,290.0,252.75084491998632
Fe10Pt9Rh,2.414973347970818,2.286444024863708,260.0000000000001,193.39445812451802
Co19Pt21,2.338456493604605,1.9235248512973597,218.0000000000001,83.85420604929816
Fe19Pd21,1.9777236052888478,2.0918904389977184,95.00000000000001,123.56356759475418
Co5Zr,1.8573324964312685,1.839206244906545,72.00000000000001,69.05676741169349
Co24FeZr5,1.8750612633917,1.7342702115485809,75.0,54.23382202008957
Co9FeZr2,1.8920946026904804,1.7661613944413648,77.99999999999999,58.36619670240975
Co11Zr2,1.8325089127062364,1.7776868388588798,68.0,59.93587346963275
Co10FeZr2,1.8512583487190752,1.7056287640683443,71.0,50.772525228886906
Co7Hf,1.8808135922807914,1.7133738950149826,76.0,51.68611565169267
Co6FeHf,1.9030899869919435,1.8099706197120933,79.99999999999999,64.56105516077189
Fe2CoC,1.5563025007672873,1.9952280130839743,36.0,98.9072240605219
FeCo2C,1.6434526764861874,1.9477878294449729,43.99999999999999,88.67227060205481
Fe3CoB2,1.5797835966168101,1.8322213900315543,37.99999999999999,67.95499581017856
Fe5PB2,1.5314789170422551,1.8442512365762744,34.0,69.8636443906951
Fe9CoSi2B4,1.5910646070264993,1.7466567562611541,39.00000000000001,55.8028983360301
Mn0.85Bi1.15,1.8864907251724818,1.8785519888054023,76.99999999999999,75.60525609520921
Mn0.875Bi1.125,1.9030899869919435,1.9060921766519616,79.99999999999999,80.55493965534008
Mn0.925Bi1.075,1.9344984512435677,1.942425876532817,85.99999999999999,87.58422199875324
Mn0.95Bi1.05,1.9493900066449128,1.9789473920597627,89.0,95.26807547565286
Mn0.975Bi1.025,1.9637878273455553,2.020829776455959,92.00000000000003,104.91311367036647
Mn1.025Bi0.975,1.9637878273455553,1.9995760658458477,92.00000000000003,99.90243318102615
Mn1.05Bi0.95,1.9493900066449128,1.918273344905822,89.0,82.84634344585155
Mn1.075Bi0.925,1.9344984512435677,1.9287659593931714,85.99999999999999,84.87229763101833
Mn1.125Bi0.875,1.9030899869919435,1.9059254799631615,79.99999999999999,80.52402591940069
Mn1.15Bi0.85,1.8864907251724818,1.9069752986431894,76.99999999999999,80.71891184670955
Mn0.85Al1.15,1.6483600109809315,1.748395626586399,44.49999999999999,56.0267752781177
Mn0.875Al1.125,1.670245853074124,1.6743006956095923,46.8,47.23900001400036
Mn0.9Al1.1,1.6901960800285136,1.712407139369208,49.0,51.57118840232606
Mn0.925Al1.075,1.7092699609758308,1.7163763601048916,51.20000000000001,52.04468209852942
Mn0.95Al1.05,1.7283537820212285,1.735043693524495,53.5,54.330498960285794
Mn0.975Al1.025,1.7466341989375787,1.7211947866645891,55.79999999999998,52.625324482035374
Mn1.025Al0.975,1.7466341989375787,1.6625943889265113,55.79999999999998,45.98269157797463
Mn1.05Al0.95,1.7283537820212285,1.724477614620421,53.5,53.024626078359624
Mn1.075Al0.925,1.7092699609758308,1.7069699303125359,51.20000000000001,50.92956072199736
Mn1.1Al0.9,1.6901960800285136,1.5479254250324859,49.0,35.31225280770158
Mn1.125Al0.875,1.670245853074124,1.6228541526171782,46.8,41.961804167381885
Mn1.15Al0.85,1.6483600109809315,1.5945155054483906,44.49999999999999,39.31112797573332
Fe0.85Pt1.15,2.278753600952829,2.2999984756036755,189.99999999999997,199.52553115061878
Fe0.875Pt1.125,2.311753861055754,2.2751988724516394,204.99999999999994,188.45118490022296
Fe0.9Pt1.1,2.342422680822206,2.3647535227310668,219.99999999999994,231.60798208028297
Fe0.925Pt1.075,2.3710678622717363,2.410851125068899,235.0,257.54381526855417
Fe0.975Pt1.025,2.423245873936808,2.4280913395042565,265.0,267.9731858670729
Fe1.025Pt0.975,2.423245873936808,2.426138756238358,265.0,266.7710856783393
Fe1.05Pt0.95,2.3979400086720375,2.4073099250689074,249.99999999999994,255.45236340967503
Fe1.075Pt0.925,2.3710678622717363,2.373790039042942,235.0,236.47761630264606
Fe1.1Pt0.9,2.342422680822206,2.336436007074692,219.99999999999994,216.98814498112375
Fe1.125Pt0.875,2.311753861055754,2.254240913827763,204.99999999999994,179.57294858933608
Fe1.15Pt0.85,2.278753600952829,2.298760674468479,189.99999999999997,198.95766460071553
